wavl,"(2.50,0.00)","(2.55,0.00)","(2.60,0.00)","(2.65,0.00)","(2.70,0.00)","(2.75,0.00)","(2.80,0.00)","(2.85,0.00)","(2.90,0.00)","(2.95,0.00)","(3.00,0.00)","(3.05,0.00)","(3.10,0.00)","(3.15,0.00)","(3.20,0.00)","(3.25,0.00)","(3.30,0.00)","(3.35,0.00)","(3.40,0.00)","(3.45,0.00)","(3.50,0.00)","(0.00,2.00)","(0.00,0.20)","(0.00,1.00)","(4.00,0.00)","(5.00,0.00)"
1.502020202020202,1319.5473172028496,1319.5189007613103,1319.4904885315095,1319.4620770623667,1319.4336706292388,1319.4052657847333,1319.3768650828156,1319.348465078859,1319.320069186142,1319.2916765333655,1319.2632862409337,1319.2348982987032,1319.2065135438593,1319.1781319625716,1319.1497518214624,1319.121374820717,1319.09300180213,1319.0646310295576,1319.03626249378,1319.007898747841,1318.9795363461917,8550.09942843175,8550.09942843175,2161.7922317423104,-2150.579760792589,-2727.749486026343
1.503030303030303,1232.9565599218288,1232.9303012255764,1232.9040439482962,1232.8777923717998,1232.8515396040675,1232.825291645536,1232.799045901671,1232.772802355876,1232.7465609897113,1232.7203243691288,1232.6940881809685,1232.6678558385092,1232.6416256166713,1232.615396638624,1232.5891723158022,1232.562950063813,1232.5367298642172,1232.5105125588084,1232.4842989921476,1232.458086563246,1232.4318769842755,8317.913236486062,8317.913236486062,2189.452305695974,-2178.1100335909086,-2746.278564149512
1.504040404040404,1146.2482182742042,1146.2241185236946,1146.200021703331,1146.175929506844,1146.151835904293,1146.1277460368017,1146.1036590321494,1146.0795748691298,1146.0554935357573,1146.0314124291988,1146.007335841408,1145.9832603102402,1145.9591866793337,1145.9351166599376,1145.9110493650792,1145.8869830641468,1145.8629203203266,1145.8388594030068,1145.8148011438402,1145.7907455363722,1145.7666908380056,8084.649137951312,8084.649137951312,2217.123242636234,-2205.6511188773657,-2764.812796753545
1.505050505050505,1059.4222956455662,1059.400359493259,1059.3784251858924,1059.3564927133243,1059.3345629228816,1059.3126366545143,1059.2907104469998,1059.2687877339008,1059.2468667707756,1059.2249466844812,1059.2030300363597,1059.181115956034,1059.1592035657518,1059.137293700853,1059.115385494649,1059.0934797898562,1059.071575704112,1059.0496740875092,1059.0277731992933,1059.0058773304963,1058.9839821559726,7850.307135378053,7850.307135378053,2244.8049155755225,-2233.202919177922,-2783.352188766612
1.506060606060606,972.47880663099,972.4590378589672,972.4392681354308,972.4195000318648,972.399736977222,972.3799746482006,972.3602138865948,972.3404546804192,972.3206961473104,972.3009425856756,972.2811879416022,972.261437373732,972.2416900043122,972.221940635976,972.2021961616656,972.1824539684064,972.1627123237428,972.1429720676248,972.1232357770696,972.1034991149444,972.0837663870328,7614.887226043078,7614.887226043078,2272.497126607576,-2260.7652174976474,-2801.895701777385
1.507070707070707,885.4177468724706,885.4001440940302,885.3825444651739,885.3649453756929,885.3473493961494,885.3297530634766,885.3121606751595,885.2945678940665,885.2769790296693,885.2593906050705,885.2418043352075,885.2242202016403,885.2066364571608,885.1890556833957,885.1714761349808,885.1538977907103,885.1363232312881,885.1187481177383,885.1011767549226,885.0836056742415,885.0660365823348,7378.389410423578,7378.389410423578,2300.2001973800084,-2288.3383155165,-2820.4442163693043
1.508080808080808,798.2390868610711,798.2236555925952,798.2082272542649,798.1928001016387,798.1773732578856,798.161948434255,798.146524750228,798.131103046677,798.1156841847588,798.100265545967,798.0848497082395,798.069433198367,798.0540194600549,798.0386084739407,798.0231967695811,798.007787788837,797.992379778969,797.9769744613682,797.9615683536053,797.9461657725283,797.9307649635532,7140.813690277859,7140.813690277859,2327.914170723256,-2315.922225660118,-2838.9976701022338
1.509090909090909,710.9428496172702,710.929593644529,710.9163386592598,710.9030846421005,710.8898324523636,710.8765811957003,710.8633317305012,710.8500840346378,710.8368363636689,710.8235912955323,710.8103462209416,710.7971028548343,710.783861176004,710.7706211724648,710.7573828285424,710.7441452609519,710.7309075882522,710.7176741208373,710.7044396493541,710.6912067545069,710.6779754215436,6902.160062357376,6902.160062357376,2355.638759454376,-2343.516720617784,-2857.555639008642
1.5101010101010102,623.5290534736305,623.5179739915483,623.5068961469545,623.4958199287854,623.4847444417696,623.473670546142,623.4625973549295,623.4515257246788,623.440454764729,623.4293835936389,623.418314799489,623.407248364761,623.3961799357269,623.3851155709099,623.3740509073618,623.3629868090055,623.3519249889343,623.3408628249538,623.3298046458974,623.3187452258165,623.3076862833366,6662.428528482788,6662.428528482788,2383.374025581542,-2371.12188283247,-2876.118393787491
1.511111111111111,535.9976665664037,535.9887682338936,535.9798704555111,535.9709749517257,535.9620790994206,535.9531837532987,535.9442888967639,535.9353962502854,535.9265040602015,535.9176123108382,535.9087227171326,535.8998326688765,535.8909447476959,535.8820554647075,535.8731682792903,535.8642823035495,535.8553966541999,535.8465121868664,535.8376288803427,535.8287458531877,535.8198639536502,6421.61909038809,6421.61909038809,2411.1202766895703,-2398.737939729488,-2894.6860647417207
1.5121212121212122,448.3487073688005,448.3419922428653,448.3352774525416,448.3285629839991,448.32185056139537,448.3151375579257,448.3084256922157,448.30171408190216,448.2950027131551,448.2882941768207,448.2815849794057,448.27487509970376,448.268168003548,448.2614593289123,448.2547534073965,448.2480467399751,448.2413427897153,448.2346389353444,448.22793255190186,448.2212297034432,448.2145277751499,6179.731745351108,6179.731745351108,2438.8771804907938,-2426.364598772075,-2913.2584425183036
1.513131313131313,360.582170507519,360.57764151277246,360.573113510108,360.5685847394098,360.5640551822376,360.5595300543983,360.555002365217,360.550475587903,360.5459488299512,360.541423820129,360.5368988056969,360.5323737580724,360.5278495430224,360.5233270097174,360.51880265821,360.51427995894335,360.5097588925552,360.50523509148735,360.5007137650926,360.4961940236319,360.4916732384567,5936.766494116795,5936.766494116795,2466.644611663977,-2454.001754920137,-2931.8354303293368
1.5141414141414142,272.69804090583455,272.69570096689034,272.6933618052,272.6910216523496,272.688681375028,272.68634181502966,272.6840038436534,272.6816656924853,272.67932646994234,272.67698791032416,272.6746491220476,272.67231270702314,272.6699751597712,272.66763820813725,272.6653000929276,272.662965152196,272.6606255341111,272.658289060078,272.6559548458898,272.653619385145,272.6512826640135,5692.723337846916,5692.723337846916,2494.422922854793,-2481.649730829448,-2950.417378728932
1.5151515151515151,184.69634103395137,184.6961922050463,184.696043057126,184.69589532817807,184.69574899238623,184.69559879982936,184.6954525949629,184.69530424458063,184.69515635612512,184.69500803801324,184.69485927457083,184.69471179456545,184.6945629656604,184.6944145147791,184.6942672993904,184.69411955937835,184.693970405926,184.69382418261927,184.6936756358491,184.69352737766783,184.69338025448005,5447.602274943719,5447.602274943719,2522.2120767627,-2509.308499172528,-2969.004089840024
1.5161616161616165,96.57706648936056,96.57911343862796,96.58115897998708,96.5832065940232,96.58525276603667,96.58729923032718,96.5893433444158,96.59138859534198,96.59343583596431,96.5954806839724,96.5975257403546,96.599569240385,96.60161379796014,96.603657639134,96.60570337780314,96.6077457492941,96.60979172952966,96.61183518714763,96.6138769759287,96.61591970608131,96.61796335732126,5201.403305630513,5201.403305630513,2550.0119610593265,-2536.977947415092,-2987.595382218884
1.5171717171717172,8.3402132078172,8.344457985805846,8.348702888265748,8.352945269952087,8.357188621592272,8.361432043305157,8.365673774052894,8.369915545369054,8.374158217488358,8.378399151620016,8.382640952440468,8.386880980236953,8.391120967465028,8.395360901216534,8.399599888064458,8.403838788243505,8.408076708326604,8.41231451039252,8.416552178767077,8.420788817257176,8.425025289785609,4954.126431456689,4954.126431456689,2577.8224554391218,-2564.657945321556,-3006.191628938185
1.5181818181818183,-80.0142162041693,-80.0077706673137,-80.00132523187911,-79.99488165337137,-79.98843908446385,-79.98199577702685,-79.9755526318635,-79.96911141462168,-79.96267214097558,-79.95623132480783,-79.94979160767524,-79.94335212842104,-79.93691378600438,-79.93047571373647,-79.92403968464127,-79.91760308113423,-79.91116767808337,-79.90473260972193,-79.89829702042518,-79.89186442858083,-79.88543134253946,4705.771650687146,4705.771650687146,2605.643745256668,-2592.3487085959778,-3024.7926999223173
1.5191919191919192,-168.48622311944308,-168.47757302504198,-168.4689258773828,-168.46027730614114,-168.45163083431478,-168.44298560074697,-168.43434074335897,-168.42569627966898,-168.4170539808569,-168.4084112311823,-168.3997715573309,-168.39113058436828,-168.3824900871625,-168.37385183320546,-168.3652140881976,-168.3565777400339,-168.3479401785059,-168.33930580252016,-168.33067024267447,-168.32203790525142,-168.31340440978462,4456.338964203567,4456.338964203567,2633.475936071555,-2620.050322670473,-3043.3982156722027
1.5202020202020203,-257.07580852273617,-257.0649527016817,-257.0540982913016,-257.043245308192,-257.0323920088331,-257.02154104861194,-257.0106915589957,-256.9998418047628,-256.98899267749624,-256.9781468288949,-256.9672998849465,-256.9564553769468,-256.94561155584404,-256.93476844561053,-256.9239269387512,-256.9130861731875,-256.9022479200992,-256.89140868322687,-256.8805719920224,-256.86973434838234,-256.85889928544634,4205.8283719625815,4205.8283719625815,2661.318627038103,-2647.7623562515355,-3062.008742383133
1.5212121212121212,-345.7829871201617,-345.7699235338913,-345.75685805289163,-345.74379597779455,-345.7307355660023,-345.7176741907103,-345.7046162692653,-345.69155918039473,-345.6785020574098,-345.6654484362164,-345.65239393358206,-345.6393412030497,-345.62629114357844,-345.61324113112966,-345.60019294149333,-345.5871457125907,-345.57410033600496,-345.5610559533452,-345.5480143339475,-345.53497022143654,-345.5219315460147,3954.239872818436,3954.239872818436,2689.172154621483,-2675.485205876338,-3080.624200347429
1.522222222222222,-434.6077328997746,-434.5924568607927,-434.5771809057135,-434.5619059371844,-434.5466319681134,-434.5313607752126,-434.51608973813137,-434.5008223927755,-434.48555522905554,-434.47028915146257,-434.4550268098515,-434.4397629358608,-434.42450283842055,-434.4092438842718,-434.39398609369886,-434.37872947684383,-434.363472292953,-434.3482207259432,-434.3329686223239,-434.31771775604113,-434.30246903343016,3701.57346902944,3701.57346902944,2717.0366767956466,-2703.218990001511,-3099.244102113969
1.5232323232323233,-523.5500382865634,-523.5325442213234,-523.5150539907202,-523.4975640846644,-523.4800762771018,-523.4625914706797,-523.4451070339833,-523.4276238632058,-523.4101437405911,-523.3926640384127,-523.3751856482536,-523.3577121244598,-523.3402372978669,-523.3227656051838,-523.3052944048536,-523.2878263688594,-523.2703597453838,-523.2528927826086,-523.2354290348799,-523.2179685058859,-523.20050681055,3447.829159338587,3447.829159338587,2744.91167676891,-2730.963191740077,-3117.8688503564763
1.5242424242424242,-612.6099495423391,-612.5902362918752,-612.5705270945645,-612.5508202078091,-612.5311156399074,-612.5114125287803,-612.4917108854922,-612.4720107330932,-612.4523138492173,-612.4326175987619,-612.41292288714,-612.3932323743487,-612.3735416670135,-612.3538534214431,-612.3341667774032,-612.3144835180594,-612.2948036535541,-612.2751219053837,-612.255443587088,-612.2357687171075,-612.216093772444,3193.0069425596707,3193.0069425596707,2772.7973483436563,-2758.7180345554643,-3136.4983480551664
1.5252525252525253,-701.7874301728566,-701.7654983438512,-701.7435681421923,-701.721639579866,-701.6997126771564,-701.6777892199957,-701.6558665677494,-701.6339473914782,-701.6120308217273,-701.5901151066794,-701.5682038006798,-701.5462907271885,-701.5243829801453,-701.5024761486573,-701.4805729074737,-701.4586697326748,-701.4367692897895,-701.4148733739702,-701.3929766818189,-701.371083663875,-701.3491925563344,2937.106820436797,2937.106820436797,2800.69391511137,-2786.483712338174,-3155.1325889957243
1.5262626262626262,-791.0824787528826,-791.0583236559959,-791.034168636558,-791.010016363786,-790.985866855198,-790.9617192431832,-790.9375753109077,-790.9134324195808,-790.8892923569786,-790.8651560257481,-790.8410207815668,-790.8168884149766,-790.7927571667838,-790.7686306042424,-790.7445051886807,-790.7203809459148,-790.6962596591109,-790.6721422318383,-790.6480260170079,-790.6239119264869,-790.5998017406757,2680.12879293588,2680.12879293588,2828.601302263257,-2814.260160209452,-3173.771732703858
1.5272727272727271,-880.4951247498636,-880.4687399181223,-880.4423589274718,-880.4159817917423,-880.3896058693772,-880.3632311742065,-880.3368621576915,-880.310493512746,-880.2841279187298,-880.2577653894725,-880.2314041703903,-880.2050478195176,-880.1786928101687,-880.1523400422243,-880.125989536891,-880.0996430773346,-880.0732989108155,-880.0469561614248,-880.0206175112876,-879.9942803105489,-879.9679472450225,2422.072858049285,2422.072858049285,2856.519253657868,-2842.0471117996813,-3192.415682700859
1.5282828282828282,-970.025331585568,-969.9967167506672,-969.9681068688004,-969.939497510635,-969.910893137774,-969.882290209702,-969.8536905224926,-969.8250940899763,-969.796500039932,-969.767908391722,-969.739320045228,-969.710734130072,-969.682153326536,-969.6535723220022,-969.6249955734636,-969.5964222086992,-969.567850468515,-969.5392821397656,-969.510716355762,-969.4821540209956,-969.45359337074,2162.939017530061,2162.939017530061,2884.447978317823,-2869.8448065731586,-3211.064284817574
1.5292929292929294,-1059.6731255956256,-1059.6422796087418,-1059.61143524275,-1059.580594290959,-1059.5497567662767,-1059.5189235741163,-1059.488090291599,-1059.457263150586,-1059.4264377254324,-1059.3956149197074,-1059.3647965267191,-1059.3339798966128,-1059.3031668263843,-1059.2723573298645,-1059.2415505302215,-1059.2107464477403,-1059.179945987834,-1059.1491473839324,-1059.1183533246146,-1059.0875611563383,-1059.0567717817505,1902.7272731534483,1902.7272731534483,2912.387678199064,-2897.65341593966,-3229.717670017465
1.5303030303030305,-1149.4385088149395,-1149.4054260877738,-1149.3723469794943,-1149.339272398281,-1149.306198799008,-1149.2731297553828,-1149.2400643970288,-1149.2070009546103,-1149.173942120395,-1149.140884342802,-1149.1078329851605,-1149.0747827237874,-1149.0417353473822,-1149.0086917659671,-1148.975652887722,-1148.942616053571,-1148.9095821753826,-1148.8765521558032,-1148.8435269030122,-1148.8105019756904,-1148.7774827408543,1641.4376210738546,1641.4376210738546,2940.3379383307865,-2925.4725251220134,-3248.3758607422096
1.5313131313131314,-1239.3214513489688,-1239.2861307391515,-1239.2508130779202,-1239.2154983837147,-1239.180188454454,-1239.1448797413232,-1239.109577603963,-1239.074276720536,-1239.0389788788175,-1239.003686774763,-1238.968396859559,-1238.9331109302016,-1238.8978272191985,-1238.862548416973,-1238.8272727551116,-1238.791999360471,-1238.7567300318915,-1238.7214665672918,-1238.6862045290404,-1238.6509457086015,-1238.6156919112698,1379.07006311214,1379.07006311214,2968.2988645924133,-2953.3022805957044,-3267.0386577720337
1.5323232323232323,-1329.3219660827658,-1329.2844037713344,-1329.246843741876,-1329.2092886829705,-1329.1717359327758,-1329.134188190936,-1329.0966427946885,-1329.0591033241944,-1329.0215653399798,-1328.9840342053726,-1328.9465028052266,-1328.9089773926094,-1328.871455316744,-1328.8339383746263,-1328.796422117562,-1328.75891102375,-1328.7214060041356,-1328.6839008250136,-1328.6463999682717,-1328.608906124332,-1328.571412167908,1115.624600332852,1115.624600332852,2996.270649055954,-2981.1428136569466,-3285.706192069174
1.5333333333333334,-1419.440061599585,-1419.4002528778378,-1419.360449335939,-1419.3206492017866,-1419.2808533890925,-1419.241062806957,-1419.2012738964247,-1419.1614902422675,-1419.121710975031,-1419.0819343198468,-1419.042161184895,-1419.00239337639,-1418.962630014737,-1418.9228684325617,-1418.8831122293889,-1418.843361411673,-1418.8036133203382,-1418.7638679692157,-1418.724126263718,-1418.6843909053327,-1418.6446565491715,851.1012288709566,851.1012288709566,3024.253201561148,-3008.994074554094,-3304.378702029543
1.5343434343434343,-1509.6757519831472,-1509.6336974992569,-1509.5916457316057,-1509.5495975994377,-1509.5075566976668,-1509.465517667575,-1509.4234832069617,-1509.3814524519034,-1509.3394271929433,-1509.297404771006,-1509.2553878774363,-1509.2133747502753,-1509.1713653950544,-1509.129359832058,-1509.087358968543,-1509.0453628294042,-1509.0033678390887,-1508.9613811828162,-1508.9193975027897,-1508.8774159221782,-1508.8354409284016,585.4999534372588,585.4999534372588,3052.246381582515,-3036.855922386709,-3323.056170402318
1.5353535353535357,-1600.0290238555444,-1599.984718894355,-1599.940417773334,-1599.8961205044684,-1599.8518280060794,-1599.8075393911934,-1599.7632555772102,-1599.7189756799228,-1599.674701512001,-1599.630430396853,-1599.586165936768,-1599.54190276934,-1599.497645393053,-1599.4533938245029,-1599.4091444927471,-1599.3649001029617,-1599.3206597737055,-1599.2764235234183,-1599.2321931583174,-1599.1879669081436,-1599.1437456737012,318.82077383748856,318.82077383748856,3080.2504468021507,-3064.7285647349063,-3341.737966425935
1.5363636363636364,-1690.4998607040638,-1690.4533005504195,-1690.4067471486494,-1690.3601978258484,-1690.3136516978102,-1690.267112375123,-1690.2205762785466,-1690.1740452179847,-1690.1275174194925,-1690.0809946902073,-1690.03447704857,-1689.987964509332,-1689.941457088168,-1689.8949521075633,-1689.8484540761424,-1689.801958513863,-1689.7554699302725,-1689.7089847507398,-1689.662502990018,-1689.6160264552454,-1689.569555170394,51.06368523795105,51.06368523795105,3108.2653571301594,-3092.61203266946,-3360.4244422019656
1.5373737373737375,-1781.0882733439034,-1781.0394577626917,-1780.9906473650165,-1780.94184216563,-1780.8930412849352,-1780.8442456320336,-1780.795454326406,-1780.7466691862546,-1780.6978857287704,-1780.6491102604973,-1780.6003374116528,-1780.5515716834866,-1780.502808598721,-1780.454050879128,-1780.4052985265512,-1780.356550672458,-1780.3078082194957,-1780.2590711916364,-1780.210338701907,-1780.1616089689858,-1780.112884706346,-217.77130876432875,-217.77130876432875,3136.2906415150665,-3120.505854284499,-3379.1161489133033
1.5383838383838384,-1871.7942668261928,-1871.7431919966064,-1871.692122573684,-1871.6410585730976,-1871.5899991124857,-1871.538943310407,-1871.487894776528,-1871.436849931608,-1871.385811490043,-1871.334778565782,-1871.2837493793468,-1871.232723942724,-1871.1817040750373,-1871.13069158988,-1871.0796829024785,-1871.028679831958,-1870.9776805905424,-1870.9266851939065,-1870.8756972600136,-1870.8247159092675,-1870.773736647795,-487.6842066007056,-487.6842066007056,3164.326805480123,-3148.410474613326,-3397.812592238439
1.5393939393939395,-1962.6178415129189,-1962.56450360401,-1962.5111722293816,-1962.4578465094364,-1962.4045246434905,-1962.351208463576,-1962.2978988797165,-1962.2445923043736,-1962.191295061609,-1962.137999057104,-1962.084710617684,-1962.0314261484373,-1961.9781483748225,-1961.924874604572,-1961.871607562224,-1961.81834365102,-1961.7650864999875,-1961.71183431582,-1961.65858621892,-1961.6053449264489,-1961.5521095542,-758.6750119801159,-758.6750119801159,3192.3740617677786,-3176.326116949247,-3416.513521938365
1.5404040404040404,-2053.558993684018,-2053.5033924781924,-2053.447795329208,-2053.3922040561883,-2053.336618670199,-2053.281039187836,-2053.225464728579,-2053.1698962042965,-2053.114332731703,-2053.058774328317,-2053.003221906928,-2052.947676391389,-2052.8921350820565,-2052.8365989083163,-2052.781067882154,-2052.7255429145152,-2052.6700240339824,-2052.6145112460867,-2052.55900367031,-2052.503498610697,-2052.448001499727,-1030.7437243247668,-1030.7437243247668,3220.431792053977,-3204.2522032139123,-3435.219198817287
1.5414141414141411,-2144.6177213936817,-2144.559853071976,-2144.5019881239023,-2144.4441292712327,-2144.386277443353,-2144.3284308377333,-2144.2705894783467,-2144.2127542807493,-2144.1549225517506,-2144.0971006320096,-2144.039280402312,-2143.9814682106908,-2143.923661353817,-2143.8658607573857,-2143.808063719911,-2143.7502756877016,-2143.692491249484,-2143.634713136252,-2143.5769404518096,-2143.5191741200124,-2143.461412352161,-1303.8903406105137,-1303.8903406105137,3248.5000524153274,-3232.188789394803,-3453.9296003312843
1.5424242424242425,-2235.7940335129306,-2235.733892437258,-2235.6737576699734,-2235.6136283204155,-2235.55350531336,-2235.493388662637,-2235.433276574938,-2235.373171781256,-2235.313073392772,-2235.252979613413,-2235.1928931769366,-2235.132811380933,-2235.072736053747,-2235.01266630564,-2234.9526030549323,-2234.892546324675,-2234.83249431234,-2234.772449751684,-2234.7124090413386,-2234.6523758131,-2234.592349180916,-1578.1148640581057,-1578.1148640581057,3276.5793444863816,-3260.1363364965937,-3472.644943236326
1.5434343434343434,-2327.0879243961144,-2327.025509448078,-2326.963100123376,-2326.900699167753,-2326.838302055987,-2326.775911529212,-2326.7135276031013,-2326.651151195055,-2326.58877960543,-2326.526412852666,-2326.4640554748926,-2326.401702966251,-2326.339356245984,-2326.277014419742,-2326.2146820431744,-2326.152352781154,-2326.090030275619,-2326.02771454132,-2325.9654065058,-2325.903101651211,-2325.8408054247857,-1853.417293880898,-1853.417293880898,3304.6695222627327,-3288.094698828365,-3491.365477793439
1.5444444444444445,-2418.499383104706,-2418.434690446902,-2418.370006365629,-2418.305328156633,-2418.2406558309794,-2418.175989409873,-2418.111331628917,-2418.04667796381,-2417.982030250274,-2417.9173903175742,-2417.852755455926,-2417.788128406464,-2417.723508279447,-2417.658894178683,-2417.5942852172,-2417.5296832214967,-2417.4650882081705,-2417.4004983848354,-2417.335915570615,-2417.271340697661,-2417.206770149853,-2129.797627153002,-2129.797627153002,3332.7700647253423,-3316.0633961607627,-3510.0904234581294
1.5454545454545454,-2510.028421046536,-2509.9614486652963,-2509.894485090168,-2509.827525795929,-2509.760575335461,-2509.693631004512,-2509.6266928132227,-2509.5597598764653,-2509.4928367452767,-2509.42591889628,-2509.359006347915,-2509.29210093037,-2509.225202658398,-2509.158311548594,-2509.0914257993527,-2509.024548151808,-2508.957677716219,-2508.890810873702,-2508.823951268958,-2508.7571016486527,-2508.690255668441,-2407.255867445668,-2407.255867445668,3360.8814566421697,-3344.042912628631,-3528.819586142789
1.5464646464646463,-2601.6750379865207,-2601.6057847745124,-2601.536536963634,-2601.46729638131,-2601.398063956002,-2601.3288369705488,-2601.259616357103,-2601.190403948618,-2601.1211988470573,-2601.052000160837,-2600.982808820266,-2600.913623017283,-2600.844443676663,-2600.775271725949,-2600.706108087149,-2600.63694914322,-2600.5677985471634,-2600.498654491842,-2600.4295179029514,-2600.360386979809,-2600.291262648111,-2685.792015644023,-2685.792015644023,3389.0039168344283,-3372.0334162719937,-3547.553992291846
1.5474747474747474,-2693.439236581995,-2693.367697801933,-2693.296165553386,-2693.224639849261,-2693.153121622632,-2693.0816108854847,-2693.0101067425485,-2692.9386101167543,-2692.867119213872,-2692.795636770426,-2692.7241618966764,-2692.6526927845634,-2692.5812312762614,-2692.509778291936,-2692.4383302099336,-2692.3668897741554,-2692.29545518115,-2692.2240309976305,-2692.152612689155,-2692.0811993613734,-2692.009793758186,-2965.406068202636,-2965.406068202636,3417.136751327165,-3400.0342442337133,-3566.2933507762664
1.5484848484848486,-2785.321018444527,-2785.247191171799,-2785.173370653712,-2785.099557818728,-2785.02574995153,-2784.951952536231,-2784.878161032856,-2784.804377275281,-2784.7305994591343,-2784.656830338457,-2784.583068096893,-2784.5093136721234,-2784.435567072447,-2784.3618264925703,-2784.288093771901,-2784.2143689279574,-2784.1406501480697,-2784.066939276256,-2783.993235416323,-2783.9195385839457,-2783.845850613,-3246.098026079393,-3246.098026079393,3445.2803032097863,-3428.045759656883,-3585.0370680165342
1.5494949494949497,-2877.3203704733155,-2877.24425086222,-2877.1681391499783,-2877.092035352265,-2877.0159376554875,-2876.9398479036645,-2876.863767027104,-2876.7876932159006,-2876.711626478353,-2876.635566839356,-2876.559516138316,-2876.4834725607216,-2876.4074352131443,-2876.3314059386803,-2876.255384748395,-2876.1793707497823,-2876.103365782251,-2876.027366208474,-2875.9513747889487,-2875.875391531049,-2875.799416455984,-3527.867891516064,-3527.867891516064,3473.435004933044,-3456.0683538767944,-3603.785989167879
1.5505050505050506,-2969.4373077048167,-2969.3588937462955,-2969.280486086942,-2969.2020874835634,-2969.1236988664696,-2969.045315680009,-2968.96694159286,-2968.888573885094,-2968.810215310752,-2968.7318631434528,-2968.6535192309034,-2968.575182665847,-2968.4968534759428,-2968.4185344097014,-2968.3402209170063,-2968.261916671143,-2968.183618942042,-2968.105329574644,-2968.0270485855444,-2967.948774159308,-2967.870508145485,-3810.7156617653714,-3810.7156617653714,3501.600261005531,-3484.1014724222505,-3622.539611692873
1.5515151515151515,-3061.6718212591304,-3061.5911100341013,-3061.510407160633,-3061.429711742532,-3061.349025622895,-3061.2683469927406,-3061.187674943889,-3061.107012246056,-3061.0263579975167,-3060.94571129839,-3060.865070329551,-3060.784439691827,-3060.7038175587177,-3060.6232012139826,-3060.5425952418527,-3060.461996912258,-3060.3814053262404,-3060.300822330584,-3060.2202470244847,-3060.139679423618,-3060.059120462901,-4094.641338503672,-4094.641338503672,3529.775945043688,-3512.1449688867087,-3641.297501302093
1.5525252525252526,-3154.023903486977,-3153.9408920662163,-3153.8578910558635,-3153.7748968158257,-3153.6919093553224,-3153.6089314394594,-3153.525959420769,-3153.4429978963885,-3153.360045050882,-3153.277099061437,-3153.1941627005363,-3153.1112341453663,-3153.0283143308443,-3152.94540052137,-3152.8624964022138,-3152.779599235008,-3152.696712704102,-3152.613832243705,-3152.530960618925,-3152.448097839901,-3152.365243013209,-4379.644921405064,-4379.644921405064,3557.962672529952,-3540.199428154184,-3660.0604004812494
1.5535353535353535,-3246.49357627873,-3246.408261733937,-3246.3229560035534,-3246.237658177555,-3246.1523692010032,-3246.067088161108,-3245.98181691664,-3245.896552722777,-3245.8112974382907,-3245.7260501559235,-3245.6408136472355,-3245.5555833372164,-3245.470362917592,-3245.3851505600164,-3245.2999453682983,-3245.214748278276,-3245.129560214725,-3245.044382121784,-3244.959211254629,-3244.8740503839,-3244.7888958565954,-4665.726408078636,-4665.726408078636,3586.160345802049,-3568.264802931772,-3678.8282864843422
1.554545454545455,-3339.080827012907,-3338.9932064231552,-3338.9055948783152,-3338.817990547276,-3338.730397128218,-3338.642810960763,-3338.5552357301835,-3338.4676677843995,-3338.38010621431,-3338.292556554737,-3338.20501330313,-3338.11747923658,-3338.029954364307,-3337.9424387093604,-3337.8549322837284,-3337.767433260909,-3337.679942585041,-3337.592462101064,-3337.504988153212,-3337.417525355217,-3337.330069121008,-4952.885802604094,-4952.885802604094,3614.368399103327,-3596.340517271556,-3697.6009937131194
1.5555555555555556,-3431.7856490271656,-3431.6957213063283,-3431.6057991784,-3431.515889096523,-3431.425986474625,-3431.336093170552,-3431.246207360572,-3431.156332740097,-3431.066464721209,-3430.976607924097,-3430.88675776453,-3430.796917014991,-3430.7070847719096,-3430.6172628931354,-3430.527449554012,-3430.437645685768,-3430.3478513132995,-3430.258062762397,-3430.168285573416,-3430.078515161204,-3429.988756145027,-5241.12310424002,-5241.12310424002,3642.587135387587,-3624.4268544455126,-3716.3781448122336
1.5565656565656567,-3524.608046166315,-3524.5158047128048,-3524.423570914739,-3524.331349398759,-3524.239134650328,-3524.1469303713134,-3524.054734732448,-3523.9625477521727,-3523.870372206657,-3523.7782035079827,-3523.6860444341646,-3523.593895924729,-3523.501754309158,-3523.40962236362,-3523.317499186392,-3523.225386637165,-3523.133282883908,-3523.041187025816,-3522.949102757382,-3522.8570236503565,-3522.7649561707904,-5530.438308900518,-5530.438308900518,3670.817028960488,-3652.524298796896,-3735.160002324571
1.5575757575757576,-3617.548023512283,-3617.453465397799,-3617.358920698551,-3617.2643820559824,-3617.169854099503,-3617.075334995234,-3616.9808266074806,-3616.886326185888,-3616.791836507548,-3616.697354824873,-3616.6028829957113,-3616.5084219623577,-3616.41396897538,-3616.319524964163,-3616.22509087008,-3616.1306657923233,-3616.036248816265,-3615.9418445722326,-3615.847447543846,-3615.753060512807,-3615.658681648005,-5820.8314208692445,-5820.8314208692445,3699.05753424454,-3680.632304277991,-3753.9469841277896
1.5585858585858587,-3710.605582909276,-3710.508709818329,-3710.411846684161,-3710.314991680271,-3710.218146666352,-3710.121310736992,-3710.024484833562,-3709.927668966203,-3709.830862233191,-3709.734064643745,-3709.6372780686233,-3709.540498817022,-3709.443731534024,-3709.346973460977,-3709.2502246107897,-3709.153485001904,-3709.0567537252127,-3708.960034492732,-3708.863323626564,-3708.766623907489,-3708.6699325833088,-6112.302440104,-6112.302440104,3727.308453630354,-3708.750673174921,-3772.738610190867
1.5595959595959596,-3803.780715062023,-3803.681521300283,-3803.582334956108,-3803.483161593825,-3803.3839956776897,-3803.2848418509407,-3803.1856964273848,-3803.086559422696,-3802.987434557184,-3802.8883181391193,-3802.789212963116,-3802.690117197139,-3802.591030853177,-3802.491953945058,-3802.39288742153,-3802.293830360584,-3802.194784639432,-3802.0957456443366,-3801.996718017617,-3801.897700847406,-3801.7986932209137,-6404.851363039043,-6404.851363039043,3755.570472918153,-3736.8800917028248,-3791.534931155197
1.5606060606060606,-3897.073431217568,-3896.971912010871,-3896.870405080728,-3896.7689067344927,-3896.667418842921,-3896.5659414207657,-3896.464473558003,-3896.363016192317,-3896.261567492597,-3896.1601311773065,-3896.0587026290223,-3895.95728649836,-3895.855879094517,-3895.7544813570194,-3895.653093307996,-3895.5517168080623,-3895.45035094535,-3895.348992964896,-3895.24764473008,-3895.146308112582,-3895.0449812693055,-6698.4781938222095,-6698.4781938222095,3783.8433588605967,-3765.0203271245296,-3810.336027250067
1.5616161616161617,-3990.483727561184,-3990.379883687706,-3990.276050472656,-3990.172225142629,-3990.06841235193,-3989.964608406988,-3989.8608151804056,-3989.757033608944,-3989.6532600036408,-3989.549499018802,-3989.445746028708,-3989.342002905035,-3989.238271517619,-3989.134551887666,-3989.030840312387,-3988.92714052592,-3988.8234488236303,-3988.719770797505,-3988.616100886907,-3988.512441901197,-3988.408791994513,-6993.182929923908,-6993.182929923908,3812.126521644821,-3793.1707888618894,-3829.1416586008872
1.5626262626262626,-4084.0115976347497,-4083.90542432217,-4083.799259111285,-4083.6931066573234,-4083.586965117185,-4083.480832651463,-4083.374711134602,-4083.268599653812,-4083.162501007393,-4083.0564105723897,-4082.950332072796,-4082.844262745352,-4082.738202598356,-4082.632156297173,-4082.526119207787,-4082.420092279865,-4082.314075530926,-4082.20806989681,-4082.102076329031,-4081.996091123875,-4081.890116157634,-7288.965570135691,-7288.965570135691,3840.420551223763,-3821.332056421495,-3847.9525578541184
1.5636363636363635,-4177.657049496702,-4177.548541958869,-4177.440045536781,-4177.331561177341,-4177.223087967761,-4177.114623130948,-4177.006171333191,-4176.897729802007,-4176.78929854754,-4176.680877592839,-4176.5724688105065,-4176.464070353756,-4176.355683172258,-4176.247304487998,-4176.138938038802,-4176.030581978807,-4175.922238187992,-4175.813902024037,-4175.705579089994,-4175.597264746312,-4175.48896366297,-7585.82611843564,-7585.82611843564,3868.725749580041,-3849.504452943006,-3866.7682437209105
1.5646464646464646,-4271.420075584689,-4271.309233680537,-4271.1984040593925,-4271.087583939556,-4270.976774274383,-4270.865976929098,-4270.755190068904,-4270.64441463425,-4270.533648780195,-4270.422895313335,-4270.312152392419,-4270.201420030354,-4270.090701964965,-4269.979990766702,-4269.869292034005,-4269.758602990705,-4269.64792644893,-4269.537261487591,-4269.426604402058,-4269.315960792612,-4269.205328814315,-7883.764572414762,-7883.764572414762,3897.041378236034,-3877.6872398320006,-3885.5879948104603
1.5656565656565655,-4365.300685447926,-4365.187506263905,-4365.074338660321,-4364.961180786702,-4364.848032661487,-4364.734899896948,-4364.621774112021,-4364.508661852047,-4364.395561268401,-4364.282470510609,-4364.169392392642,-4364.056325060341,-4363.943266668764,-4363.830221896187,-4363.717188894904,-4363.604164879524,-4363.491152663099,-4363.378153194373,-4363.265163692569,-4363.15218696797,-4363.039219308567,-8182.780931146897,-8182.780931146897,3925.367555869741,-3905.880514775399,-3904.412825228489
1.5666666666666669,-4459.2988733580005,-4459.18335396673,-4459.067842653183,-4458.952344103935,-4458.836858331892,-4458.721383490269,-4458.605920520438,-4458.49046757746,-4458.375026544998,-4458.259597435961,-4458.144179332028,-4458.028773178257,-4457.913376200324,-4457.797993070049,-4457.682621010341,-4457.567261899332,-4457.451912020402,-4457.336573257217,-4457.22124842375,-4457.10593286754,-4456.990628474098,-8482.87519732891,-8482.87519732891,3953.704796686117,-3934.084812834019,-3923.2427288528843
1.5676767676767678,-4553.414621348156,-4553.296756954265,-4553.17890180352,-4553.061060587101,-4552.943231448083,-4552.8254115992295,-4552.707606662957,-4552.589811050964,-4552.472027578147,-4552.354256259257,-4552.236495243822,-4552.118746417349,-4552.001011663506,-4551.883286322456,-4551.7655722815525,-4551.647871423539,-4551.530181896098,-4551.412503716749,-4551.2948369002415,-4551.17718052457,-4551.059538344152,-8784.047369626687,-8784.047369626687,3982.0527623811713,-3962.2997652375952,-3942.0773101928535
1.568686868686869,-4647.647957511575,-4647.527743323382,-4647.407544219264,-4647.287357413828,-4647.167180111542,-4647.047015136521,-4646.926861570443,-4646.806722232814,-4646.6865943336325,-4646.566476950891,-4646.446371035178,-4646.326279417065,-4646.206198359647,-4646.086128820892,-4645.9660726826205,-4645.846025286841,-4645.72599225689,-4645.6059708082985,-4645.485960951208,-4645.365963640821,-4645.245977952362,-9086.297445009272,-9086.297445009272,4010.411244850146,-3990.525173525609,-3960.916524374173
1.5696969696969698,-4741.998887169206,-4741.876324001767,-4741.753776154437,-4741.631238028773,-4741.508712446124,-4741.386199423087,-4741.263697101811,-4741.141207374261,-4741.018730252425,-4740.896266692423,-4740.773813895958,-4740.651373754072,-4740.528944407992,-4740.406528684602,-4740.284124722362,-4740.161732540636,-4740.039353093703,-4739.916984516338,-4739.794628700504,-4739.672286600482,-4739.549954486743,-9389.625428189984,-9389.625428189984,4038.780646525224,-4018.761481451616,-3979.7605146397464
1.5707070707070707,-4836.467382984743,-4836.342467908835,-4836.217566519234,-4836.092675080881,-4835.967797356494,-4835.842932428675,-4835.718080310331,-4835.593239142694,-4835.468409876352,-4835.343594406959,-4835.218792745577,-4835.093999278093,-4834.969222471317,-4834.84445576792,-4834.719700122181,-4834.594960240958,-4834.470231449664,-4834.3455146970455,-4834.220810007997,-4834.096117389895,-4833.971438741157,-9694.031319242917,-9694.031319242917,4067.160966275178,-4047.0086676677774,-3998.609296894265
1.5717171717171718,-4931.053447322789,-4930.926175540276,-4930.79891674242,-4930.671671880735,-4930.544439093685,-4930.417218396943,-4930.290012622001,-4930.162818027344,-4930.035635570018,-4929.908464324326,-4929.781308064972,-4929.654163985364,-4929.527032104861,-4929.399912438215,-4929.272804997414,-4929.145712624089,-4929.0186296902975,-4928.891561849797,-4928.764505358311,-4928.637461177493,-4928.510430257013,-9999.51511377829,-9999.51511377829,4095.551732426523,-4075.266239362036,-4017.4627860827936
1.5727272727272728,-5025.757101410795,-5025.627473761626,-5025.497855568585,-5025.368252482666,-5025.23866264971,-5025.109084196194,-5024.979519021455,-5024.849966201643,-5024.720427627797,-5024.590900501618,-5024.461386717838,-5024.331887229811,-5024.202398289573,-5024.072923677359,-5023.943462470239,-5023.814011856085,-5023.684574677451,-5023.555150948168,-5023.425739741615,-5023.2963420166825,-5023.166955903536,-10306.07681476599,-10306.07681476599,4123.953186656321,-4103.534407751333,-4036.321126177064
1.573737373737374,-5120.578341937167,-5120.4463526744585,-5120.314374036063,-5120.1824088691465,-5120.050457180161,-5119.918519931687,-5119.786592430696,-5119.654680341091,-5119.522781796726,-5119.390895868214,-5119.259021632625,-5119.12716099022,-5118.995314892512,-5118.863481475199,-5118.731661698092,-5118.5998518049255,-5118.4680574605245,-5118.33627492061,-5118.204507963574,-5118.072752834997,-5117.941009551474,-10613.716421926005,-10613.716421926005,4152.365696292894,-4131.813602261309,-4055.184104072665
1.5747474747474748,-5215.517146010916,-5215.382789382251,-5215.248447379419,-5215.114119085023,-5214.979802618162,-5214.845500827847,-5214.711211842397,-5214.576937562995,-5214.442674236145,-5214.308426588984,-5214.174189922955,-5214.039968026593,-5213.905758085004,-5213.77156199845,-5213.63737978445,-5213.503211458676,-5213.369056093587,-5213.234913703935,-5213.100784303551,-5212.966668853169,-5212.832565484798,-10922.43393393125,-10922.43393393125,4180.788845771294,-4160.103426941225,-4074.0519209244076
1.575757575757576,-5310.573528143576,-5310.436804993515,-5310.300096710854,-5310.16340047148,-5310.026718189482,-5309.890048931789,-5309.7533946023495,-5309.616752378893,-5309.480124172744,-5309.343509999578,-5309.206908920788,-5309.070321908173,-5308.933747083599,-5308.797186348251,-5308.660638777352,-5308.524106271163,-5308.387587907677,-5308.251082751973,-5308.114587987315,-5307.978108352831,-5307.841643860506,-11232.229353917794,-11232.229353917794,4209.222559649802,-4188.403734494116,-4092.9247090963013
1.5767676767676768,-5405.747497753646,-5405.608405160341,-5405.469326726334,-5405.330259623822,-5405.191207657015,-5405.0521698928405,-5404.913145404678,-5404.774134206358,-5404.635139146891,-5404.49615362561,-5404.35718522051,-5404.218229223812,-5404.0792884826815,-5403.94036207142,-5403.801446218087,-5403.6625466170135,-5403.523659496257,-5403.384786768068,-5403.245928439821,-5403.107081698465,-5402.968251277596,-11543.102679597205,-11543.102679597205,4237.667259391154,-4216.714957578988,-4111.801963276485
1.577777777777778,-5501.039042088642,-5500.897576183343,-5500.756122777724,-5500.614684727249,-5500.473260153785,-5500.331849071163,-5500.190452443801,-5500.049071236124,-5499.90770167527,-5499.766347558994,-5499.625007961599,-5499.48368194909,-5499.34236859116,-5499.201071692018,-5499.0597874741925,-5498.918516904872,-5498.777259053748,-5498.636015822005,-5498.494789129265,-5498.353575196212,-5498.212374990957,-11855.053908181126,-11855.053908181126,4266.122741644487,-4245.036923234378,-4130.683913289307
1.5787878787878789,-5596.448167156993,-5596.304322166076,-5596.1604937058655,-5596.016679889008,-5595.872880730253,-5595.7290943542375,-5595.585322668596,-5595.441564739334,-5595.297821537328,-5595.154094962838,-5595.010380301631,-5594.866679457656,-5594.722993399944,-5594.579320244833,-5594.435663800217,-5594.292019340803,-5594.14839067633,-5594.004775923133,-5593.861175103342,-5593.717590117218,-5593.574017199275,-12168.08304509342,-12168.08304509342,4294.588656599583,-4273.369301562418,-4149.5709439538405
1.5797979797979798,-5691.974865966944,-5691.828642764476,-5691.682435375389,-5691.536242866612,-5691.390063356323,-5691.243900659794,-5691.097750989416,-5690.951615313294,-5690.805495543678,-5690.659388851843,-5690.513297150957,-5690.367218552747,-5690.221157822155,-5690.075108333624,-5689.929074843799,-5689.783056423294,-5689.637052127973,-5689.491061989183,-5689.345086009691,-5689.199124208859,-5689.05317660236,-12482.19008953792,-12482.19008953792,4323.065395563411,-4301.712443317041,-4168.462768059833
1.5808080808080809,-5787.6191338991175,-5787.470532408569,-5787.3219412648095,-5787.173367142265,-5787.024806254243,-5786.876261464505,-5786.727730886618,-5786.579216441129,-5786.430714337655,-5786.2822274482605,-5786.133755782161,-5785.9853003102335,-5785.836857239332,-5785.688430394873,-5785.540017884893,-5785.391620683957,-5785.243236895491,-5785.094868441884,-5784.946514385452,-5784.798174747404,-5784.649851436297,-12797.375036924814,-12797.375036924814,4351.553178352125,-4330.066568726221,-4187.359156008487
1.5818181818181818,-5883.380991880971,-5883.230002524511,-5883.079028506599,-5882.928068895082,-5882.777125603132,-5882.626194844053,-5882.475281391091,-5882.324381452019,-5882.173496941852,-5882.022627879953,-5881.871773329557,-5881.720935209369,-5881.570110683286,-5881.419299757763,-5881.268506262827,-5881.117725452896,-5880.966961149697,-5880.816211463114,-5880.665476415272,-5880.514756968751,-5880.364052184023,-13113.637891197812,-13113.637891197812,4380.051508615818,-4358.431191139582,-4206.260096389706
1.582828282828283,-5979.260438925066,-5979.107060680186,-5978.953699915681,-5978.800352840248,-5978.647022322259,-5978.49370552377,-5978.340405318682,-5978.187117907397,-5978.033848072375,-5977.880592967375,-5977.727352612681,-5977.574126065999,-5977.42091810979,-5977.267722088072,-5977.114543734819,-5976.96137829615,-5976.808230561905,-5976.655094820235,-5976.501976808804,-5976.348873682293,-5976.195784504862,-13430.978652420372,-13430.978652420372,4408.560454650826,-4386.806347886235,-4225.166083262227
1.5838383838383838,-6075.257445135214,-6075.1016779309175,-6074.945925592178,-6074.790188126372,-6074.634467465108,-6074.478760750159,-6074.323069912209,-6074.167395922135,-6074.011735931853,-6073.856090906704,-6073.70046277922,-6073.544848693939,-6073.389249621736,-6073.233668440202,-6073.078099445788,-6072.922548370625,-6072.767011420647,-6072.611491467909,-6072.455984714659,-6072.3004949890765,-6072.14502040381,-13749.397317609477,-13749.397317609477,4437.080341803516,-4415.192426305401,-4244.076933070401
1.584848484848485,-6171.372019101808,-6171.213857158942,-6171.055711270104,-6170.8975804920765,-6170.739465797579,-6170.581367204132,-6170.423282814239,-6170.265216463458,-6170.107164345736,-6169.949127435637,-6169.79110669758,-6169.633103106133,-6169.475112861692,-6169.317140743033,-6169.159181044763,-6169.001239506387,-6168.84331232462,-6168.685403338706,-6168.5275068275805,-6168.369626632331,-6168.211762767713,-14068.893891169431,-14068.893891169431,4465.611038238813,-4443.589284370732,-4262.992330300047
1.585858585858586,-6267.60419652693,-6267.4436378742375,-6267.28309455364,-6267.122568498589,-6266.96205684809,-6266.801563449688,-6266.641083536595,-6266.480619989168,-6266.32017282308,-6266.159743016586,-6265.999326749798,-6265.838926912295,-6265.678544476796,-6265.518177548573,-6265.357826134078,-6265.197491211565,-6265.03717183874,-6264.876866116263,-6264.716579800239,-6264.556307169599,-6264.396051103779,-14389.468370254448,-14389.468370254448,4494.152195600112,-4471.996532696183,-4281.912723213702
1.586868686868687,-6363.953951714047,-6363.790994382118,-6363.628051663115,-6363.465126444771,-6363.302216836968,-6363.139322838782,-6362.97644638828,-6362.813584631839,-6362.650739497383,-6362.4879109996655,-6362.325099154357,-6362.162302061198,-6361.999520691987,-6361.836756022209,-6361.674009021818,-6361.511277795164,-6361.348560438296,-6361.18586079876,-6361.023177933339,-6360.860510901584,-6360.697859714562,-14711.120751875987,-14711.120751875987,4522.704147631819,-4500.414535415586,-4300.8377659243
1.587878787878788,-6460.4212683621645,-6460.25590655156,-6460.090563425472,-6459.925235165865,-6459.759923707112,-6459.5946290621205,-6459.429350285833,-6459.264087395766,-6459.0988432888735,-6458.9336122155055,-6458.768398995004,-6458.603204600089,-6458.43802233052,-6458.27285795623,-6458.107711492893,-6457.942579123392,-6457.777463733614,-6457.612367263469,-6457.447283965149,-6457.282217699108,-6457.117168474566,-15033.8510428095,-15033.8510428095,4551.267243787617,-4528.843610864838,-4319.767315123898
1.588888888888889,-6557.006175132895,-6556.838407834011,-6556.670659463982,-6556.502927158119,-6556.3352090051,-6556.167510790534,-6555.999827723659,-6555.832161740696,-6555.664510934928,-6555.496879164966,-6555.329261645579,-6555.161662232613,-6554.994079976396,-6554.826512975747,-6554.658963171492,-6554.491428651389,-6554.3239132694325,-6554.15641224685,-6553.988929437639,-6553.821461974352,-6553.65401083432,-15357.659240804322,-15357.659240804322,4579.840736274837,-4557.283032700281,-4338.702080298599
1.58989898989899,-6653.708659477472,-6653.5384866506665,-6653.368328187844,-6653.19818795038,-6653.028063065294,-6652.857955474337,-6652.687867112807,-6652.517794153444,-6652.3477356475,-6652.17769737966,-6652.007675518977,-6651.837667198,-6651.667680121964,-6651.497707577717,-6651.327751503322,-6651.157813833156,-6650.987892664192,-6650.817987048604,-6650.64809988611,-6650.47822926723,-6650.308375212248,-15682.545340824166,-15682.545340824166,4608.424845702888,-4585.733052403241,-4357.641542006804
1.590909090909091,-6750.52872143576,-6750.35613631256,-6750.183566751955,-6750.011013734043,-6749.838482080009,-6749.665963146017,-6749.493462724127,-6749.32097890025,-6749.14851458056,-6748.976064007105,-6748.8036329645765,-6748.631217622022,-6748.458818953084,-6748.286439868547,-6748.114075563821,-6747.941728942311,-6747.769400027069,-6747.597087858283,-6747.424792462691,-6747.252514811168,-6747.080254922156,-16008.509348159618,-16008.509348159618,4637.020055931499,-4614.194091327365,-4376.585325299636
1.591919191919192,-6847.466360216706,-6847.291359874342,-6847.116377259452,-6846.941411418678,-6846.766464299305,-6846.591533024662,-6846.416618577611,-6846.241722893451,-6846.066845027121,-6845.891984035407,-6845.717138959418,-6845.542313678969,-6845.367503383939,-6845.1927119467655,-6845.017937456124,-6844.843178961422,-6844.668440337867,-6844.493716777178,-6844.319011186452,-6844.14432358136,-6843.969652051503,-16335.551263940442,-16335.551263940442,4665.6259049016735,-4642.665708115856,-4395.534238710112
1.592929292929293,-6944.521565098876,-6944.344147572547,-6944.166748012492,-6943.989366430697,-6943.811999954182,-6943.634654386073,-6943.457324912559,-6943.280014448112,-6943.102719148874,-6942.925442885441,-6942.748182782989,-6942.570941749533,-6942.393719801672,-6942.216512126514,-6942.039322599267,-6941.862153170901,-6941.684998058576,-6941.507863078324,-6941.330743408036,-6941.153642931218,-6940.97655876659,-16663.671083023026,-16663.671083023026,4694.242314264098,-4671.14787642995,-4414.488034019471
1.593939393939394,-7041.694355985994,-7041.514517382055,-7041.334698919409,-7041.154896745902,-7040.975113776007,-7040.7953480928645,-7040.61559971215,-7040.435868646769,-7040.256155884197,-7040.0764604664655,-7039.896784345468,-7039.717124634391,-7039.5374842513975,-7039.357859346174,-7039.178254761116,-7038.998667615863,-7038.81909502545,-7038.639543771256,-7038.460010002969,-7038.280492765389,-7038.100994978517,-16992.868808703337,-16992.868808703337,4722.869585101126,-4699.640835515887,-4433.446387915947
1.5949494949494951,-7138.984732027999,-7138.802472325242,-7138.620230102861,-7138.438006340028,-7138.255801059795,-7138.073611368895,-7137.8914411563655,-7137.709288500739,-7137.52715535114,-7137.345038819839,-7137.162942794948,-7136.980862452514,-7136.79879877632,-7136.616756618903,-7136.434732123496,-7136.252723373244,-7136.070734250727,-7135.888762837243,-7135.706810117499,-7135.524873199151,-7135.342956939344,-17323.144440887856,-17323.144440887856,4751.507735044678,-4728.144612766597,-4452.409404489757
1.595959595959596,-7236.392681456886,-7236.207995793556,-7236.023325915026,-7235.83867667752,-7235.654044222429,-7235.469430503488,-7235.28483650264,-7235.100261268371,-7234.915702874601,-7234.731162308806,-7234.54664055661,-7234.36213666097,-7234.177651606591,-7233.993186373568,-7233.808736145325,-7233.624305768867,-7233.439896231664,-7233.255501735199,-7233.071126174962,-7232.886769565704,-7232.702429007708,-17654.497976903396,-17654.497976903396,4780.156435430588,-4756.6589209192125,-4471.377170589543
1.5969696969696972,-7333.918209861351,-7333.731093377539,-7333.54399679253,-7333.356918186706,-7333.1698575692835,-7332.982817868564,-7332.7957952194865,-7332.608791580398,-7332.4218050187665,-7332.234839437457,-7332.047889997766,-7331.860960596104,-7331.6740512463,-7331.487156147074,-7331.300282099166,-7331.113426208387,-7330.926590432164,-7330.739769937323,-7330.552969582855,-7330.36619035992,-7330.179425489905,-17986.929421773697,-17986.929421773697,4808.815866287041,-4785.183878424004,-4490.349975588006
1.597979797979798,-7431.561318777352,-7431.37177145646,-7431.182244273173,-7430.992734340682,-7430.803243610878,-7430.613773066625,-7430.42431884747,-7430.234882903462,-7430.045468164748,-7429.856071734373,-7429.666693624324,-7429.477335797557,-7429.287994380715,-7429.098672304861,-7428.909370551938,-7428.720087200478,-7428.530820319792,-7428.341574784545,-7428.152345746812,-7427.96313613858,-7427.773947922811,-18320.438772200403,-18320.438772200403,4837.486303602415,-4813.719792125916,-4509.32765142592
