wavl,Symmetric 2,Anti-Symmetric 2,Symmetric N,Anti-Symmetric N
1.5002002002002000,-668.307271784229,-554.0855613683250,-725.4181270463690,-496.9747062145610
1.5003003003003000,-667.7094467237780,-554.5336317460200,-724.2973542668270,-497.94572431131000
1.5004004004004000,-667.1114301129210,-554.9819330029550,-723.1761786136970,-498.91718439376600
1.5005005005005000,-666.5132222850660,-555.4304652018180,-722.0546007724830,-499.8890866059880
1.5006006006006000,-665.9148235194620,-555.8792280260800,-720.9326213203780,-500.8614303336130
1.5007007007007000,-665.316233390919,-556.3282213213440,-719.8102394256890,-501.8342152865380
1.5008008008008000,-664.717452287538,-556.7774449333230,-718.6874558833090,-502.80744117487900
1.500900900900900,-664.1184800008240,-557.22689952108,-717.5642702949380,-503.78110933545100
1.501001001001000,-663.5193163768000,-557.67658455051,-716.440682371317,-504.7552187187380
1.501101101101100,-662.9199610437540,-558.1265002473990,-715.3166913877070,-505.7297697949970
1.5012012012012000,-662.3204141728320,-558.5766469997490,-714.1922977050940,-506.70476335892900
1.5013013013013000,-661.7206764783580,-559.0270240018950,-713.0675027708140,-507.6801978178880
1.5014014014014000,-661.1207471549530,-559.4776315877870,-711.9423049927970,-508.65607385846400
1.5015015015015000,-660.520625613006,-559.9284703095050,-710.8167032105140,-509.6323926035120
1.5016016016016000,-659.9203125132510,-560.3795399029480,-709.6906987641230,-510.6091535435190
1.5017017017017000,-659.3198084075310,-560.8308397248580,-708.5642927759990,-511.5863554106510
1.5018018018018000,-658.719112706182,-561.2823699475660,-707.4374840855080,-512.5639985682760
1.501901901901900,-658.1182246575200,-561.7341315023140,-706.3102712079750,-513.5420848975620
1.502002002002000,-657.5171453030210,-562.186123527553,-705.1826562450340,-514.5206126940980
1.5021021021021000,-656.9158742164280,-562.6383460321830,-704.0546383628650,-515.4995819943760
1.5022022022022000,-656.3144103723720,-563.0907999496400,-702.9262155294230,-516.4789946839590
1.5023023023023000,-655.7127549758990,-563.5434844720320,-701.7973901734810,-517.458849165747
1.5024024024024000,-655.1109079815360,-563.9963995533510,-700.6681622227950,-518.4391453664250
1.5025025025025000,-654.5088688009440,-564.4495453641300,-699.5385305193690,-519.4198836457420
1.5026026026026000,-653.9066371142820,-564.9029224040430,-698.408494442217,-520.401065021739
1.5027027027027000,-653.304213473707,-565.3565303011360,-697.2780551143440,-521.3826887692020
1.5028028028028000,-652.7015984896890,-565.8103680270590,-696.1472137753730,-522.3647528501150
1.5029029029029000,-652.0987906446550,-566.2644370618820,-695.015967408856,-523.3472602433110
1.503003003003000,-651.4957901101000,-566.7187374685420,-693.8843163764740,-524.3302110933560
1.503103103103100,-650.8925979303880,-567.1732682198980,-692.7522627856320,-525.3136033646530
1.5032032032032000,-650.2892131879390,-567.6280300329550,-691.6198048198740,-526.2974385099060
1.5033033033033000,-649.6856359455800,-568.0830225352530,-690.4869426235400,-527.2817158028860
1.5034034034034000,-649.0818664859070,-568.5382457878150,-689.3536767805100,-528.2664353843270
1.5035035035035000,-648.4779044349800,-568.9937002905780,-688.2200065616050,-529.2515982728010
1.5036036036036000,-647.8737495824280,-569.4493856722070,-687.0859315647600,-530.2372037443180
1.5037037037037000,-647.2694021565180,-569.9053017757870,-685.9514522652010,-531.2232515037400
1.5038038038038000,-646.6648624928280,-570.361448827396,-684.8165693527830,-532.2097420219200
1.503903903903900,-646.060129836572,-570.8178269998400,-683.6812813366200,-533.1966756631560
1.504004004004000,-645.4552044686380,-571.2744357026430,-682.5455887971760,-534.1840512651840
1.5041041041041000,-644.8500868370240,-571.731275103841,-681.4094926491370,-535.1718691827710
1.5042042042042000,-644.244776130105,-572.1883458143890,-680.2729912879450,-536.1601306565130
1.5043043043043000,-643.6392722450400,-572.6456477364110,-679.1360845266120,-537.1488355093550
1.5044044044044000,-643.0335751379970,-573.1031808216690,-677.9987722961610,-538.1379836635040
1.5045045045045000,-642.4276855832660,-573.5609444765940,-676.8610561638590,-539.1275739505150
1.5046046046046000,-641.8216035352940,-574.018938600284,-675.7229360572970,-540.1176061872760
1.5047047047047000,-641.2153274715010,-574.4771643509200,-674.5844089500010,-541.1080827088390
1.5048048048048000,-640.6088582751320,-574.9356215165760,-673.4454766271530,-542.0990031100400
1.5049049049049000,-640.0021967754600,-575.3943089580190,-672.3061407659890,-543.0903651311080
1.505005005005010,-639.3953416169100,-575.853227448086,-671.1663986740460,-544.0821703363990
1.5051051051051100,-638.7882932432120,-576.3123771601270,-670.0262512574780,-545.0744190913100
1.5052052052052100,-638.1810516068270,-576.7717580498230,-668.8856984398990,-546.0671113258900
1.5053053053053100,-637.573616392245,-577.2313699587790,-667.744739608978,-547.0602467420460
1.5054054054054100,-636.965988099072,-577.6912126228100,-666.6033757826150,-548.0538248300910
1.5055055055055100,-636.358166352956,-578.1512865426760,-665.4616062308020,-549.0478466102430
1.5056056056056100,-635.7501511079930,-578.611591617741,-664.3194308804130,-550.042311899909
1.5057057057057100,-635.1419420468980,-579.0721280187620,-663.1768491155730,-551.0372210592990
1.505805805805810,-634.5335397244630,-579.5328950442860,-662.0338620645510,-552.032572704198
1.505905905905910,-633.9249437094770,-579.9938933065570,-660.8904688836240,-553.0283680777850
1.506006006006010,-633.316154014175,-580.4551228652510,-659.746669615949,-554.0246073181010
1.506106106106110,-632.7071707563080,-580.916583128241,-658.6024645157180,-555.0212892595830
1.5062062062062100,-632.0979933954550,-581.378275090177,-657.4578525207830,-556.0184159102260
1.5063063063063100,-631.4886225446510,-581.8401981006920,-656.3128348758980,-557.0159859879780
1.5064064064064100,-630.8790580504240,-582.302351511022,-655.1674112928140,-558.0139982140090
1.5065065065065100,-630.2692992592700,-582.7647367021140,-654.0215804832050,-559.012455368894
1.5066066066066100,-629.6593464037080,-583.2273534041260,-652.8753429308110,-560.011356931647
1.5067067067067100,-629.0491996017800,-583.6902009698870,-651.7286988903970,-561.01070162661
1.5068068068068100,-628.4388587495640,-584.1532797390470,-650.5816481728130,-562.0104901517790
1.506906906906910,-627.8283245191730,-584.6165892755250,-649.4341921409790,-563.0107216536820
1.507007007007010,-627.2175959830070,-585.0801303056340,-648.2863289583800,-564.0113976036360
1.5071071071071100,-626.6066722184020,-585.5439031678300,-647.1380567983850,-565.012518697241
1.5072072072072100,-625.9955545537420,-586.0079069883390,-645.9893783364440,-566.0140832056370
1.5073073073073100,-625.3842434357070,-586.4721413379270,-644.840294484615,-567.0160902890540
1.5074074074074100,-624.7727377191890,-586.9366071054820,-643.6908029713630,-568.0185417439510
1.5075075075075100,-624.161037307189,-587.4013045145590,-642.540903621386,-569.0214380361260
1.5076076076076100,-623.5491425351290,-587.8662332474780,-641.3905971242200,-570.0247785489200
1.5077077077077100,-622.9370535741960,-588.3313932596660,-640.239883840928,-571.0285632118670
1.5078078078078100,-622.3247701105740,-588.7967841160590,-639.0887631625640,-572.0327911735350
1.5079079079079100,-621.7122913264490,-589.2624068160170,-637.9372334721990,-573.037464451334
1.508008008008010,-621.0996181631060,-589.7282611471370,-636.7852966710910,-574.0425826391530
1.508108108108110,-620.4867510695130,-590.1943459663250,-635.6329536758580,-575.0481434694820
1.5082082082082100,-619.873689347149,-590.6606617155540,-634.4802031081590,-576.0541478449690
1.5083083083083100,-619.2604326705270,-591.1272092306380,-633.327044335702,-577.0605974559240
1.5084084084084100,-618.646980821317,-591.5939888568320,-632.1734769405200,-578.0674930115500
1.5085085085085100,-618.0333341489780,-592.0609992760250,-631.0195016402240,-579.0748318943190
1.5086086086086100,-617.4194925509440,-592.5282410465560,-629.865118248368,-580.0826152395920
1.5087087087087100,-616.8054561986340,-592.9957144525450,-628.7103271264840,-581.0908436343060
1.5088088088088100,-616.1912248838980,-593.463418623701,-627.5551278769640,-582.0995153565700
1.508908908908910,-615.576798447324,-593.9313548878200,-626.3995201996730,-583.1086330806660
1.509009009009010,-614.962177450194,-594.3995221529610,-625.2435052358620,-584.1181946413950
1.5091091091091100,-614.3473609716150,-594.867920370673,-624.0870811624390,-585.1281999605540
1.5092092092092100,-613.7323492886210,-595.3365507615850,-622.9302485521570,-586.138651498085
1.5093093093093100,-613.1171425198300,-595.8054125118050,-621.7730076609480,-587.1495476448990
1.5094094094094100,-612.5017400751380,-596.2745055159580,-620.6153573272890,-588.1608882089290
1.5095095095095100,-611.8861423452930,-596.7438302234130,-619.4572983513730,-589.172674107613
1.5096096096096100,-611.2703497256690,-597.213386091739,-618.2988315426340,-590.1849042747740
1.5097097097097100,-610.6543618413400,-597.6831732390800,-617.1399561699090,-591.1975789653890
1.5098098098098100,-610.0382003793440,-598.1531698860870,-615.9807156259730,-592.2106546394580
1.5099099099099100,-609.451555894056,-598.5936854958590,-614.8804910382580,-593.1647502418650
1.51001001001001,-609.0122541388010,-598.8868946620160,-614.0749339321080,-593.8242149785390
1.5101101101101100,-608.7951427418180,-598.9579491150010,-613.713739582684,-594.0393523290500
1.5102102102102100,-608.6987792026260,-598.9082913727310,-613.5940230077260,-594.0130473479350
1.5103103103103100,-608.6187312845470,-598.8423543485300,-613.5069197525560,-593.9541658805210
1.5104104104104100,-608.5387006761390,-598.7764357122990,-613.4198332129930,-593.8953032853120
1.5105105105105100,-608.4586884624600,-598.7105342317140,-613.3327655778330,-593.8364571163420
1.5106106106106100,-608.3786934134940,-598.6446514290010,-613.2457144057400,-593.7776304367550
1.5107107107107100,-608.2987165640290,-598.5787861221190,-613.1586817849840,-593.7188209011630
1.510810810810810,-608.218757395569,-598.5129387922010,-613.0716666972530,-593.6600294905160
1.510910910910910,-608.1388156118080,-598.4471096981550,-612.9846685686350,-593.6012567413280
1.511011011011010,-608.058891750851,-598.3812982645130,-612.8976884940200,-593.5425015213450
1.511111111111110,-607.9789846367560,-598.3155056298280,-612.8107241402200,-593.4837661263640
1.5112112112112100,-607.8990963496990,-598.2497297865500,-612.7237796862790,-593.4250465599820
1.5113113113113100,-607.8192258210630,-598.1839714908660,-612.6368530136560,-593.366344353261
1.5114114114114100,-607.7393717645080,-598.1182319918230,-612.5499415683510,-593.3076620229800
1.5115115115115100,-607.6595360935640,-598.0525097784210,-612.4630491961300,-593.2489965658440
1.5116116116116100,-607.5797180779100,-597.9868054336550,-612.3761744550250,-593.1903491665160
1.5117117117117100,-607.4999168685250,-597.9211193292130,-612.2893156656930,-593.1317205870690
1.5118118118118100,-607.4201330505530,-597.8554509523690,-612.2024740171080,-593.0731098207420
1.511911911911910,-607.340367330611,-597.7898001094350,-612.1156509411990,-593.0145164988460
1.512012012012010,-607.2606198016560,-597.7241664501560,-612.028846642568,-592.9559399395690
1.5121121121121100,-607.1808885108020,-597.6585511191970,-611.9420572341340,-592.8973824509250
1.5122122122122100,-607.1011745435380,-597.592953489119,-611.8552849055670,-592.8388427967290
1.5123123123123100,-607.021479547339,-597.5273725908430,-611.7685329705080,-592.7803190575170
1.5124124124124100,-606.9418009566680,-597.4618103469950,-611.681796316564,-592.7218150972190
1.5125125125125100,-606.8621389694400,-597.3962663570740,-611.5950753582680,-592.6633301335360
1.5126126126126100,-606.782495238051,-597.3307388759640,-611.5083734190950,-592.6048606949200
1.5127127127127100,-606.7028694656390,-597.2652285489330,-611.4216899240100,-592.546408090598
1.5128128128128100,-606.6232600808140,-597.1997367445920,-611.3350217489250,-592.4879750764810
1.5129129129129100,-606.5436676764310,-597.1342626123450,-611.248370098245,-592.4295599700720
1.513013013013010,-606.4640936216140,-597.0688055172660,-611.1617377289030,-592.3711615202070
1.513113113113110,-606.3845364043200,-597.0033659419120,-611.0751216355060,-592.3127807106910
1.5132132132132100,-606.3049962824960,-596.9379438114810,-610.9885223526410,-592.2544174106110
1.5133133133133100,-606.2254739000880,-596.872539602163,-610.9019411868840,-592.1960725910330
1.5134134134134100,-606.1459683576420,-596.8071526877260,-610.8153763580170,-592.1377450181860
1.5135135135135100,-606.0664795799870,-596.7417831609350,-610.7288277343980,-592.0794348962940
1.5136136136136100,-605.9870083239030,-596.6764311648360,-610.6422968482670,-592.0211425301330
1.5137137137137100,-605.907554689176,-596.6110960662800,-610.5557839178890,-591.9628666720950
1.5138138138138100,-605.828117764298,-596.545779015009,-610.4692871389420,-591.9046096403650
1.513913913913910,-605.7486980880920,-596.4804791590580,-610.3828076077590,-591.8463697496920
1.514014014014010,-605.6692959212380,-596.4151961453410,-610.2963458643930,-591.7881463125980
1.5141141141141100,-605.5899104183340,-596.3499307815430,-610.2099002367300,-591.729940963147
1.5142142142142100,-605.5105415019750,-596.2846829973540,-610.123470588651,-591.6717535794080
1.5143143143143100,-605.4311898700420,-596.2194530513380,-610.037058334599,-591.6135846971910
1.5144144144144100,-605.3518559029010,-596.1542394215470,-609.9506642540080,-591.5554312912990
1.5145145145145100,-605.2725388585220,-596.089042591667,-609.8642868815020,-591.4972943477920
1.5146146146146100,-605.1932387747200,-596.023863811876,-609.7779263114020,-591.4391763857140
1.5147147147147100,-605.1139553001170,-595.958702291541,-609.6915818596470,-591.381075842495
1.5148148148148100,-605.0346889189070,-595.893557730101,-609.6052545133100,-591.3229921356980
1.514914914914920,-604.9554397239820,-595.8284303287230,-609.5189444768710,-591.2649256863540
1.515015015015020,-604.8762066942570,-595.7633205185620,-609.432649726844,-591.2068773754550
1.5151151151151200,-604.7969910392270,-595.6982274947690,-609.3463727009180,-591.1488456120010
1.5152152152152200,-604.7177926838440,-595.6331515161810,-609.2601132676750,-591.0908309323500
1.5153153153153200,-604.6386110535030,-595.5680928990100,-609.1738702966020,-591.0328339876170
1.5154154154154200,-604.5594458563940,-595.5030511236430,-609.0876432227700,-590.9748537572680
1.5155155155155200,-604.4802977408730,-595.4380262783120,-609.0014333615790,-590.9168904364560
1.5156156156156200,-604.4011669082330,-595.3730183454500,-608.9152411343100,-590.8589440087440
1.5157157157157200,-604.32205167711,-595.3080286374910,-608.82906319692,-590.8010171176810
1.515815815815820,-604.2429539751550,-595.2430552999060,-608.7429034234080,-590.7431060729120
1.515915915915920,-604.1638737850550,-595.1780975381740,-608.6567617978290,-590.6852093040680
1.516016016016020,-604.0848091966960,-595.1131585528520,-608.5706345186540,-590.627333230966
1.516116116116120,-604.0057613033910,-595.0482366598170,-608.484523791194,-590.5694745040470
1.5162162162162200,-603.9267303713810,-594.9833306701940,-608.3984301666240,-590.5116307642490
1.5163163163163200,-603.8477164364860,-594.9184417835630,-608.3123537352730,-590.4538044294260
1.5164164164164200,-603.7687192573150,-594.8535694843770,-608.2262940330460,-590.395994487169
1.5165165165165200,-603.6897387035260,-594.7887143640000,-608.1402508179560,-590.3382021389050
1.5166166166166200,-603.6107747067030,-594.7238765086870,-608.054223971854,-590.2804275758230
1.5167167167167200,-603.5318266906570,-594.6590555159330,-607.9682123610640,-590.222670011616
1.5168168168168200,-603.4528953579250,-594.5942510334710,-607.8822174093410,-590.1649287604330
1.516916916916920,-603.3739809726440,-594.5294634798530,-607.7962396636530,-590.1072046780690
1.517017017017020,-603.2950835175070,-594.4646926688460,-607.7102791080730,-590.0494974107500
1.5171171171171200,-603.216202420895,-594.3999379157310,-607.6243346180530,-589.9918056077250
1.5172172172172200,-603.1373375473810,-594.3352006484300,-607.5384059414330,-589.9341321435300
1.5173173173173200,-603.0584891057090,-594.2704805100470,-607.4524935143880,-589.8764763230630
1.5174174174174200,-602.9796571361880,-594.2057763144180,-607.366597436226,-589.8188357926850
1.5175175175175200,-602.9008420624070,-594.1410889307300,-607.2807185728220,-589.7612123094680
1.5176176176176200,-602.8220429218810,-594.0764187298200,-607.194855017893,-589.7036066337720
1.5177177177177200,-602.7432606447760,-594.0117647443650,-607.1090086504600,-589.6460168496370
1.5178178178178200,-602.6644947672270,-593.9471274005860,-607.0231785614870,-589.5884438282030
1.5179179179179200,-602.5857447148260,-593.8825067918470,-606.937363620837,-589.5308877748790
1.518018018018020,-602.5070118640630,-593.8179023918450,-606.8515666001900,-589.4733476557540
1.518118118118120,-602.4282948006610,-593.753314800635,-606.7657846896810,-589.4158246896300
1.5182182182182200,-602.3495936784860,-593.6887444930060,-606.6800182157290,-589.3583198447690
1.5183183183183200,-602.2709094256320,-593.62419061446,-606.594269053221,-589.3008314308780
1.5184184184184200,-602.1922419138370,-593.5596518128820,-606.5085369643150,-589.2433567624050
1.5185185185185200,-602.1135903461120,-593.495129957825,-606.4228203737310,-589.1858995971560
1.5186186186186200,-602.0349544754230,-593.4306257030800,-606.3371188060800,-589.1284612613950
1.5187187187187200,-601.9563351265680,-593.3661376314140,-606.25143392966,-589.0710389393510
1.5188188188188200,-601.8777322292230,-593.3016654425910,-606.1657656225030,-589.0136320492390
1.518918918918920,-601.7991460388310,-593.2372093992520,-606.0801144141900,-588.9562411350320
1.519019019019020,-601.7205755885370,-593.1727702084100,-605.9944783897020,-588.8988676294480
1.5191191191191200,-601.6420204768050,-593.1083477899600,-605.9088567646590,-588.8415113909680
1.5192192192192200,-601.5634819106420,-593.0439417884410,-605.8232519717610,-588.7841717273580
1.5193193193193200,-601.4849599257450,-592.9795515750390,-605.7376641010990,-588.7268473996860
1.5194194194194200,-601.4064540602610,-592.9151775743420,-605.6520922476510,-588.6695392758140
1.5195195195195200,-601.3279640161270,-592.8508203804120,-605.566535833985,-588.6122485625540
1.5196196196196200,-601.2494902255260,-592.7864791902620,-605.4809957431580,-588.5549736726300
1.5197197197197200,-601.1710326128610,-592.7221541532620,-605.3954718426600,-588.4977149234630
1.5198198198198200,-601.0925069475060,-592.657929462653,-605.309795689932,-588.4406407202270
1.51991991991992,-600.9961174621560,-592.6116007370760,-605.1883757690540,-588.4193423188940
1.52002002002002,-600.824700302417,-592.6403321273810,-604.916884389935,-588.5481480398630
1.5201201201201200,-600.5511425114890,-592.77123644172,-604.4410956576560,-588.8812835181190
1.5202202202202200,-600.2272953414540,-592.9524618342000,-603.8647120950810,-589.3150450805740
1.5203203203203200,-599.8980171447780,-593.1391505827150,-603.2774504258280,-589.7597173017010
1.5204204204204200,-599.5686553633080,-593.3259549853670,-602.690005552278,-590.2046047963960
1.5205205205205200,-599.23921198026,-593.5128727989850,-602.1023814595600,-590.6497030970090
1.5206206206206200,-598.9096845009460,-593.6999072602010,-601.5145731769790,-591.095018695488
1.5207207207207200,-598.5800732388050,-593.887057127553,-600.9265813501080,-591.5405491276060
1.520820820820820,-598.250380283949,-594.0743202734100,-600.3384101778620,-591.9862901567840
1.520920920920920,-597.9206030269000,-594.261700272137,-599.7500544599780,-592.4322489504520
1.521021021021020,-597.590741332961,-594.4491962187700,-599.1615139457530,-592.8784237173710
1.521121121121120,-597.2607974070110,-594.6368058709550,-598.5727930636270,-593.3248099915170
1.5212212212212200,-596.9307711074090,-594.8245303356660,-597.9838915490130,-593.7714100055280
1.5213213213213200,-596.6006600509930,-595.0123709558480,-597.39480465428,-594.2182264639900
1.5214214214214200,-596.2704647691680,-595.2003272741850,-596.8055334609270,-594.6652584709600
1.5215215215215200,-595.940187022079,-595.3883981618790,-596.2160815079300,-595.1125037875310
1.5216216216216200,-595.609826331101,-595.5765831683320,-595.6264478567340,-595.5599615311970
1.5217217217217200,-595.2793817688940,-595.7648838524910,-595.0366306713440,-596.0076348385380
1.5218218218218200,-594.9488527420940,-595.953300881817,-594.4466287837340,-596.45552506318
1.521921921921920,-594.6182401246120,-596.1418322299440,-593.8564439604080,-596.9036281710720
1.522022022022020,-594.2875447782890,-596.3304783358950,-593.2660779437350,-597.3519450589470
1.5221221221221200,-593.9567657702870,-596.5192398720460,-592.6755288867320,-597.800477090251
1.5222222222222200,-593.6259020658920,-596.7081167203390,-592.0847947386690,-598.2492240475620
1.5223223223223200,-593.2949546485910,-596.8971089754410,-591.4938774852030,-598.6981861389010
1.5224224224224200,-592.9639241548180,-597.0862156286710,-590.9027784178910,-599.1473613655970
1.5225225225225200,-592.6328101028330,-597.2754370129620,-590.3114965919450,-599.5967504122030
1.5226226226226200,-592.3016115690990,-597.4647743493330,-589.7200301789820,-600.0463557394510
1.5227227227227200,-591.9703291952520,-597.6542266238230,-589.1283804809660,-600.4961753381090
1.5228228228228200,-591.6389632880520,-597.8437936039340,-588.5365481301120,-600.9462087618750
1.5229229229229200,-591.3075124694680,-598.0334766303370,-587.944530389033,-601.3964587107720
1.523023023023020,-590.9759781656650,-598.2232742394630,-587.352330128766,-601.8469222763620
1.523123123123120,-590.6443605719890,-598.4131863102870,-586.7599477586820,-602.2975992352780
1.5232232232232200,-590.3126584293860,-598.6032138411810,-586.1673807793660,-602.7484916029560
1.5233233233233200,-589.9808719254390,-598.7933562717710,-585.5746295846760,-603.1995982773390
1.5234234234234200,-589.6490015882180,-598.983613930466,-584.9816952494420,-603.6509199339380
1.5235235235235200,-589.3170472780430,-599.1739870316520,-584.3885775129940,-604.1024570202120
1.5236236236236200,-588.9850084029410,-599.3644750122140,-583.7952752100800,-604.5542084286240
1.5237237237237200,-588.6528858339820,-599.5550774106890,-583.2017901015250,-605.0061732549380
1.5238238238238200,-588.3206789743270,-599.7457950101250,-582.6081210123420,-605.4583530839380
1.523923923923920,-587.9883874603870,-599.9366278012700,-582.0142672340500,-605.9107479158160
1.5240240240240200,-587.6560119323670,-600.1275756656970,-581.4202300657380,-606.3633575323980
1.5241241241241200,-587.3235513456520,-600.3186391632060,-580.8260074368740,-606.816183071983
1.5242242242242200,-586.9910066886980,-600.5098171561760,-580.2316013430570,-607.269222278014
1.5243243243243200,-586.6583792761390,-600.7011089639150,-579.63701443225,-607.7224738078040
1.5244244244244200,-586.3256661511060,-600.8925168344770,-579.0422408094030,-608.1759421761450
1.5245245245245200,-585.9928673996940,-601.0840408682940,-578.4472806653940,-608.6296276025940
1.5246246246246200,-585.6599859156100,-601.2756783580410,-577.8521398063320,-609.0835246911950
1.5247247247247200,-585.3270198654660,-601.4674303161310,-577.2568145841290,-609.5376354854580
1.5248248248248200,-584.9939687735070,-601.6592980766570,-576.6613040659620,-609.9919626722630
1.524924924924930,-584.6608331661620,-601.851281075708,-576.0656093233810,-610.4465051424730
1.525025025025030,-584.3276122266240,-602.0433791969430,-575.469728741464,-610.901262682102
1.5251251251251300,-583.9943073897880,-602.2355916400090,-574.87366520869,-611.3562337091320
1.5252252252252300,-583.6609181699090,-602.4279189651980,-574.2774177722650,-611.8114193628420
1.5253253253253300,-583.3274435307990,-602.6203618354110,-573.6809843784930,-612.2668209877170
1.5254254254254300,-582.9938847884710,-602.8129190092130,-573.0843676781000,-612.7224361195840
1.5255255255255300,-582.6602412353230,-603.0055910447490,-572.4875662745690,-613.1782658934200
1.5256256256256300,-582.3265125047540,-603.1983787195720,-571.890579453387,-613.6343118830230
1.5257257257257300,-581.9926992431900,-603.3912809016160,-571.2934085260970,-614.090571842948
1.525825825825830,-581.6588006305250,-603.5842979250250,-570.696051871173,-614.5470464601750
1.525925925925930,-581.3248173090030,-603.7774302312490,-570.0985107918030,-615.0037366362950
1.526026026026030,-580.9907499278590,-603.9706767976150,-569.5007866051370,-615.4606403446480
1.526126126126130,-580.6565968772130,-604.1640385236090,-568.9028761101110,-615.9177594029030
1.5262262262262300,-580.3223581287440,-604.3575157364960,-568.3047792687710,-616.3750944842760
1.5263263263263300,-579.988035341149,-604.5511069646050,-567.7064994172110,-616.8326426641240
1.5264264264264300,-579.6536273553380,-604.7448135541540,-567.1080342559310,-617.2904066535610
1.5265265265265300,-579.3191341407430,-604.938635161708,-566.5093837424890,-617.7483857844190
1.5266266266266300,-578.9845561199760,-605.13257076604,-565.9105487407930,-618.2065780329220
1.5267267267267300,-578.6498925871450,-605.3266218214300,-565.3115278577560,-618.6649863263260
1.5268268268268300,-578.3151441826040,-605.5207877623000,-564.7123223927740,-619.1236095521670
1.526926926926930,-577.9803100876580,-605.7150688086790,-564.1129307271470,-619.5824481691900
1.527027027027030,-577.6453912913070,-605.9094643833480,-563.51335485757,-620.0415010416510
1.5271271271271300,-577.3103871969320,-606.1039745963840,-562.9135936094890,-620.5007684083920
1.5272272272272300,-576.9752969813060,-606.2986001213270,-562.3136453551450,-620.9602516351870
1.5273273273273300,-576.6401223116490,-606.4933398149680,-561.7135134476710,-621.4199484543080
1.5274274274274300,-576.3048622499960,-606.6881948027220,-561.1131960298200,-621.8798611352720
1.5275275275275300,-575.9695162018430,-606.883164967691,-560.5126919312750,-622.3399894629700
1.5276276276276300,-575.6340852689840,-607.0782488335330,-559.912003374318,-622.8003305034160
1.5277277277277300,-575.2985691895950,-607.2734478608480,-559.3111298539870,-623.2608871964930
1.527827827827830,-574.9629661303550,-607.4687629463590,-558.7100677223340,-623.7216613543430
1.5279279279279300,-574.6272784319550,-607.6641915997380,-558.1088216794300,-624.1826480149960
1.528028028028030,-574.2915066280660,-607.8597344864730,-557.5073928113090,-624.6438485281230
1.5281281281281300,-573.9556471858260,-608.0553937529020,-556.9057740709390,-625.1052672050920
1.5282282282282300,-573.6197023339330,-608.2511670205460,-556.3039699344030,-625.5668993076300
1.5283283283283300,-573.283673285173,-608.4470541636610,-555.7019828459650,-626.0287446029410
1.5284284284284300,-572.947557072209,-608.6430573248300,-555.099806889639,-626.4908073948800
1.5285285285285300,-572.6113547911490,-608.8391755957480,-554.4974442763300,-626.9530858855290
1.5286286286286300,-572.2750685594020,-609.0354074966620,-553.89489925955,-627.4155771340720
1.5287287287287300,-571.9386962067090,-609.2317536977010,-553.2921675174730,-627.878282499456
1.5288288288288300,-571.6022370129570,-609.428215444165,-552.6892476285560,-628.3412044909720
1.528928928928930,-571.2656928728430,-609.624791929338,-552.0861434008920,-628.8043415138820
1.5290290290290300,-570.9290620653440,-609.8214834863400,-551.4828514111230,-629.2676942531160
1.5291291291291300,-570.5923450061060,-610.0182897746810,-550.8793725092260,-629.7312620463780
1.5292292292292300,-570.2555433631800,-610.2152099895390,-550.27571005,-630.195043302718
1.5293293293293300,-569.91865552204,-610.412245032549,-549.6718608230820,-630.6590398440990
1.5294294294294300,-569.5816813374870,-610.6093947862800,-549.0678245567590,-631.1232514543430
1.5295295295295300,-569.2446208932820,-610.8066598053560,-548.4636014372450,-631.5876792613930
1.5296296296296300,-568.9074743879540,-611.0040396286020,-547.8591918802940,-632.0523223615910
1.5297297297297300,-568.5702417889720,-611.2015335751950,-547.2545958395280,-632.5171794119740
1.5298298298298300,-568.2333931905470,-611.3986724148360,-546.650753522071,-632.9813119706480
1.52992992992993,-567.9337564877160,-611.5586282152120,-546.1213207366680,-633.371064191661
1.53003003003003,-567.7688736570910,-611.5838580607800,-545.861381455246,-633.4913502626250
1.5301301301301300,-567.7695865166370,-611.4435207723130,-545.9326193324310,-633.2804878437820
1.5302302302302300,-567.8439352939320,-611.2295761976850,-546.1511148420550,-632.9223966495620
1.5303303303303300,-567.9243311785030,-611.0096127717740,-546.3816903818670,-632.5522535684090
1.5304304304304300,-568.0048032024300,-610.7896015378410,-546.6124040347240,-632.1820007055470
1.5305305305305300,-568.0853540755210,-610.5695397487170,-546.8432612389230,-631.8116325853140
1.5306306306306300,-568.1659834468200,-610.3494277179520,-547.0742613112540,-631.441149853518
1.5307307307307300,-568.2466894937740,-610.1292672307440,-547.3054006252900,-631.0705560992280
1.530830830830830,-568.3274730037720,-609.9090574623130,-547.5366807745010,-630.6998496915840
1.530930930930930,-568.4083344205320,-609.6887979315580,-547.7681026650180,-630.3290296870720
1.531031031031030,-568.4892738461650,-609.4684884989790,-547.9996665197580,-629.9580958253860
1.531131131131130,-568.5702911571770,-609.2481292507090,-548.2313721104120,-629.5870482974740
1.5312312312312300,-568.6513852154280,-609.0277212875070,-548.4632171793890,-629.2158893235470
1.5313313313313300,-568.7325566889980,-608.8072639038920,-548.6952030815520,-628.8446175113390
1.5314314314314300,-568.8138068141290,-608.5867558262600,-548.9273323080640,-628.4732303323250
1.5315315315315300,-568.8951347913650,-608.3661978166670,-549.1596032787150,-628.1017293293170
1.5316316316316300,-568.9765398177260,-608.1455905277770,-549.3920144062230,-627.7301158263240
1.5317317317317300,-569.0580222212770,-607.9249339329870,-549.6245663654220,-627.3583897888420
1.5318318318318300,-569.1395821073860,-607.704227776702,-549.8572593857200,-626.9865507243520
1.531931931931930,-569.2212198088970,-607.4834711236720,-550.09009415151,-626.614596781059
1.532032032032030,-569.3029352022030,-607.2626645119930,-550.3230704342620,-626.2425290538420
1.5321321321321300,-569.3847277115410,-607.0418089323410,-550.5561871011410,-625.8703495427400
1.5322322322322300,-569.4665985726100,-606.8209026594800,-550.7894466422390,-625.4980548159800
1.5323323323323300,-569.5485467589390,-606.5999462302130,-551.0228470233030,-625.1256459658490
1.5324324324324300,-569.6305712407030,-606.3789412022990,-551.2563862033730,-624.7531261265640
1.5325325325325300,-569.7126741614560,-606.157885507884,-551.490068488242,-624.3804911810980
1.5326326326326300,-569.7948549438800,-605.9367793476920,-551.7238927419740,-624.0077415495990
1.5327327327327300,-569.8771130135110,-605.7156233718850,-551.9578578343240,-623.6348785510720
1.532832832832830,-569.9594485915230,-605.4944172087710,-552.1919642263310,-623.2619014608260
1.5329329329329300,-570.041861095936,-605.273161629178,-552.4262107727280,-622.8888118392120
1.533033033033030,-570.1243516547540,-605.0518556941860,-552.6605997482110,-622.5156078270760
1.5331331331331300,-570.2069194652440,-604.8304994900990,-552.8951295660090,-622.1422896157180
1.5332332332332300,-570.289564402327,-604.6090929912320,-553.1297999946460,-621.7688571724570
1.5333333333333300,-570.3722871387920,-604.3876363931160,-553.3646123984020,-621.39531090705
1.5334334334334300,-570.455087098123,-604.1661302349760,-553.5995656429240,-621.0216519166310
1.5335335335335300,-570.5379646133510,-603.9445731273480,-553.8346604129750,-620.6478774409700
1.5336336336336300,-570.6209195608750,-603.7229654960700,-554.069896480031,-620.2739883504220
1.5337337337337300,-570.7039518156910,-603.5013083347890,-554.305273612783,-619.899986650979
1.5338338338338300,-570.7870612552780,-603.279600822644,-554.5407915848770,-619.5258707196100
1.533933933933930,-570.8702483301210,-603.0578422451360,-554.7764513159720,-619.1516391460030
1.5340340340340300,-570.9535129138650,-602.8360334842140,-555.0122525720500,-618.777293712747
1.5341341341341300,-571.0368544270540,-602.6141748553850,-555.2481942128890,-618.4028350695500
1.5342342342342300,-571.1202734309090,-602.3922654201200,-555.4842773796260,-618.0282613580470
1.5343343343343300,-571.2037698016430,-602.1703057181910,-555.7205018433690,-617.6535736764650
1.5344344344344300,-571.2873435326260,-601.9482956055160,-555.9568676095540,-617.2787717553350
1.5345345345345300,-571.3709945000630,-601.726234488237,-556.1933744492810,-616.9038544256280
1.5346346346346300,-571.4547224643740,-601.504123362156,-556.4300219020730,-616.5288236976380
1.5347347347347300,-571.5385283273470,-601.2819616284850,-556.6668117902050,-616.153678392482
1.5348348348348300,-571.6224116296540,-601.0597485749780,-556.9037432137060,-615.7784171043540
1.534934934934940,-571.7063711071370,-600.8374857685740,-557.1408136629540,-615.403042985828
1.535035035035040,-571.7904086817400,-600.6151721576630,-557.378027000529,-615.0275539523750
1.5351351351351400,-571.8745237793390,-600.3928073712340,-557.6153820968740,-614.6519492806640
1.5352352352352400,-571.9587150256810,-600.1703924057500,-557.8528762221640,-614.2762309823020
1.5353353353353400,-572.0429844575400,-599.9479262083250,-558.0905134686480,-613.9003969702160
1.5354354354354400,-572.127330699386,-599.7254101172240,-558.328291103949,-613.5244499396260
1.5355355355355400,-572.2117537466120,-599.5028431917900,-558.5662091375410,-613.1483880278980
1.5356356356356400,-572.2962549533110,-599.2802241538130,-558.8042702963110,-612.7722086973130
1.5357357357357400,-572.3808329424690,-599.0575549104340,-559.0424718449130,-612.3959157808430
1.535835835835840,-572.4654877071210,-598.834835545143,-559.2808137881100,-612.019509464154
1.535935935935940,-572.5502199205160,-598.612065006583,-559.5192974910920,-611.6429876632260
1.5360360360360400,-572.635029232656,-598.3892431528590,-559.7579222725540,-611.2663501129610
1.536136136136140,-572.7199157470050,-598.1663702975370,-559.9966883581120,-610.8895974591750
1.5362362362362400,-572.8048796827740,-597.9434466385660,-560.2355962048780,-610.5127301164620
1.5363363363363400,-572.8899204616240,-597.7204722624730,-560.474644674863,-610.1357482765610
1.5364364364364400,-572.9750385309460,-597.4974461160780,-560.7138346815390,-609.758649851803
1.5365365365365400,-573.060233652163,-597.2743691961570,-560.9531657664480,-609.3814368544350
1.5366366366366400,-573.1455049036800,-597.0512427282770,-561.192636105081,-609.0041117542760
1.5367367367367400,-573.2308541013060,-596.828063835881,-561.432249347755,-608.6266688169050
1.5368368368368400,-573.3162812360270,-596.6048324903420,-561.6720054951330,-608.249108003762
1.536936936936940,-573.4017847028020,-596.381551169253,-561.9119013558210,-607.8714342887240
1.537037037037040,-573.4873644903860,-596.1582197328850,-562.1519369260140,-607.4936474110120
1.5371371371371400,-573.573021732745,-595.9348364411310,-562.3921144923430,-607.1157439091150
1.5372372372372400,-573.6587568757790,-595.7114008105510,-562.6324349652880,-606.7377228348330
1.5373373373373400,-573.7445681991150,-595.4879144103260,-562.8728949228040,-606.3595873452270
1.5374374374374400,-573.8304564920090,-595.2643774380660,-563.1134959620850,-605.9813378541980
1.5375375375375400,-573.9164223141370,-595.0407889553320,-563.3542392211760,-605.6029725035660
1.5376376376376400,-574.0024642913790,-594.8171487053120,-563.5951219705310,-605.2244907983970
1.5377377377377400,-574.0885834391600,-594.5934574565500,-563.8361462596880,-604.8458942944670
1.537837837837840,-574.1747805452860,-594.3697146115490,-564.0773136829510,-604.4671818154760
1.5379379379379400,-574.2610543474380,-594.1459196874840,-564.3186217343650,-604.0883524144570
1.538038038038040,-574.3474044954370,-593.9220737940340,-564.5600697322740,-603.7094083294690
1.5381381381381400,-574.4338314336960,-593.6981771327200,-564.8016585841850,-603.330349982231
1.5382382382382400,-574.52033572381,-593.4742286492800,-565.0433894319800,-602.9511752829190
1.5383383383383400,-574.6069172452110,-593.2502276292080,-565.2852620532120,-602.5718828212060
1.5384384384384400,-574.693575187642,-593.0261755288400,-565.5272748460650,-602.1924755284620
1.5385385385385400,-574.7803101126740,-592.8020724332850,-565.769428952368,-601.8129535935910
1.5386386386386400,-574.8671216682420,-592.5779177454150,-566.0117236866780,-601.4333158410250
1.5387387387387400,-574.9540105324180,-592.3537108636490,-566.2541604238250,-601.0535610862870
1.538838838838840,-575.0409770381820,-592.1294515316790,-566.4967398484740,-600.6736888354680
1.538938938938940,-575.1280190043430,-591.9051415510590,-566.7394576169210,-600.2937027103530
1.5390390390390400,-575.215138021322,-591.6807800924850,-566.9823169287000,-599.9136010710250
1.5391391391391400,-575.302334537608,-591.4563663279370,-567.2253186994840,-599.5333822801430
1.5392392392392400,-575.3896075169000,-591.2319006858640,-567.4684608753590,-599.1530472132870
1.5393393393393400,-575.4769577485300,-591.007383138234,-567.7117450536780,-598.772595833086
1.5394394394394400,-575.5643840799630,-590.7828143437230,-567.9551689480650,-598.3920294755840
1.5395395395395400,-575.6518873024250,-590.5581937020750,-568.1987341596590,-598.0113469589590
1.5396396396396400,-575.739467980221,-590.3335204974210,-568.4424418357570,-597.6305468701570
1.5397397397397400,-575.827124959257,-590.1087952757120,-568.6862896868750,-597.2496303197850
1.5398398398398400,-575.914242960233,-589.8846344204080,-568.9290471730860,-596.8698300934360
1.53993993993994,-575.9762772067730,-589.6855822138340,-569.1216247603390,-596.5402347744590
1.54004004004004,-575.9588123146480,-589.5660535462250,-569.15519169886,-596.3696741620130
1.5401401401401400,-575.8531903046820,-589.5347068160600,-569.012432048993,-596.3754650717480
1.5402402402402400,-575.7123192439960,-589.5386338046460,-568.7991619636710,-596.4517910849720
1.5403403403403400,-575.5693575228990,-589.5446760843030,-568.5816982421980,-596.5323353650040
1.5404404404404400,-575.4263828955550,-589.5507558634750,-568.3641964115960,-596.6129423474350
1.5405405405405400,-575.2833945398750,-589.5568738126100,-568.1466548463760,-596.6936133918460
1.5406406406406400,-575.1403927770740,-589.5630299159200,-567.9290742076510,-596.774348485343
1.5407407407407400,-574.9973774727190,-589.5692241562070,-567.7114542452570,-596.8551476122330
1.540840840840840,-574.8543492939280,-589.5754552575600,-567.4937963121120,-596.9360082393760
1.540940940940940,-574.711308218537,-589.5817237761440,-567.2761003825840,-597.016931497797
1.5410410410410400,-574.5682522792320,-589.5880317562280,-567.0583625407330,-597.0979214947270
1.541141141141140,-574.425182943423,-589.5943773501300,-566.8405857400700,-597.178974553483
1.5412412412412400,-574.2821011078680,-589.6007597379960,-566.622771792804,-597.2600890530600
1.5413413413413400,-574.1390050329280,-589.6071806221040,-566.4049172383400,-597.3412684166920
1.5414414414414400,-573.9958949256960,-589.6136396435580,-566.1870225095610,-597.422511945284
1.5415415415415400,-573.8527720262690,-589.6201358681170,-565.9690901053450,-597.5038177890410
1.5416416416416400,-573.7096359707630,-589.6266695079410,-565.751119316619,-597.585186390976
1.5417417417417400,-573.5664852486280,-589.6332414639380,-565.5331071409730,-597.6666195715940
1.5418418418418400,-573.4233208690020,-589.6398512617800,-565.3150556153710,-597.7481164009290
1.541941941941940,-573.2801438430570,-589.6464979674690,-565.096966780851,-597.8296750296740
1.542042042042040,-573.1369522019150,-589.653183169053,-564.8788367183450,-597.9112986526220
1.5421421421421400,-572.9937461547270,-589.6599067344760,-564.6606658648520,-597.9929870243510
1.5422422422422400,-572.8505278569190,-589.6666663564280,-564.4424585499060,-598.0747355489240
1.5423423423423400,-572.7072960263850,-589.6734635085970,-564.224212227983,-598.1565471924070
1.5424424424424400,-572.5640492683150,-589.6802996631410,-564.0059241281610,-598.2384249178130
1.5425425425425400,-572.4207889363490,-589.6871730854550,-563.7875969764050,-598.3203652746170
1.5426426426426400,-572.2775150100130,-589.6940836437080,-563.5692307504600,-598.4023680178520
1.5427427427427400,-572.1342267803830,-589.7010320095560,-563.3508240511700,-598.4844345095150
1.542842842842840,-571.9909247991450,-589.7080181670330,-563.1323780005910,-598.5665647363680
1.5429429429429400,-571.8476097347600,-589.7150415248500,-562.9138939543430,-598.6487575345220
1.543043043043040,-571.704280535315,-589.7221021806510,-562.6953698272920,-598.7310131179650
1.5431431431431400,-571.5609368333150,-589.729200464359,-562.47680490313,-598.8133321652180
1.5432432432432400,-571.4175790656410,-589.7363368189360,-562.2582000743120,-598.895715580902
1.5433433433433400,-571.2742073287960,-589.7435111106890,-562.0395555525320,-598.9781631163160
1.5434434434434400,-571.1308222907930,-589.7507217167950,-561.8208726925100,-599.0606715445140
1.5435435435435400,-570.98742289621,-589.7579696550430,-561.6021494020940,-599.14324291976
1.5436436436436400,-570.8440094684240,-589.7652554823170,-561.3833863467240,-599.2258783745090
1.5437437437437400,-570.7005819880240,-589.7725790662660,-561.1645835062710,-599.3085776627550
1.543843843843840,-570.5571397439100,-589.7799405068530,-560.9457394772290,-599.3913410031160
1.543943943943940,-570.4136842078,-589.7873382947790,-560.726857221715,-599.4741653956720
1.5440440440440400,-570.2702146711510,-589.7947731011500,-560.5079353413430,-599.5570522013410
1.5441441441441400,-570.1267299635540,-589.8022466330850,-560.2889715139800,-599.6400048530420
1.5442442442442400,-569.9832316719740,-589.80975738109,-560.0699689322430,-599.7230203504750
1.5443443443443400,-569.8397200062050,-589.8173041794700,-559.850928034418,-599.8060963809470
1.5444444444444400,-569.6961935665510,-589.8248883903360,-559.6318460397950,-599.8892356873650
1.5445445445445400,-569.5526522160850,-589.8325110320110,-559.4127226932220,-599.9724403250740
1.5446446446446400,-569.4090966243760,-589.8401712829810,-559.1935593525140,-600.0557086697240
1.5447447447447400,-569.2655272300690,-589.8478680927830,-558.9743569136660,-600.1390386390950
1.5448448448448400,-569.1219436676320,-589.8556016743150,-558.7551146642900,-600.2224306776560
1.544944944944950,-568.9783458014870,-589.8633724706860,-558.5358323519330,-600.3058856903310
1.545045045045050,-568.8347329193410,-589.8711816166480,-558.3165085706870,-600.3894059653020
1.5451451451451500,-568.69110615137,-589.8790274848140,-558.097145599602,-600.4729882664910
1.5452452452452500,-568.5474657074730,-589.886909483079,-557.8777438771660,-600.5566314283770
1.5453453453453500,-568.4038098406880,-589.8948294358010,-557.6582999281400,-600.6403391183670
1.5454454454454500,-568.2601392194310,-589.9027872121690,-557.4388151080540,-600.7241110935300
1.5455455455455500,-568.1164546292320,-589.9107819893840,-557.2192910066500,-600.8079457269560
1.5456456456456500,-567.9727562794890,-589.9188129456710,-556.9997280614240,-600.8918413937900
1.5457457457457500,-567.829042882654,-589.9268812160270,-556.7801237159670,-600.9758003827140
1.545845845845850,-567.6853140728020,-589.9349875891440,-556.5604772571180,-601.0598242898010
1.545945945945950,-567.5415716712030,-589.9431303214020,-556.3407923461040,-601.1439096465020
1.5460460460460500,-567.3978148507420,-589.9513098574530,-556.1210673473870,-601.228057360808
1.546146146146150,-567.254042783977,-589.9595271023800,-555.9013006247760,-601.3122692615810
1.5462462462462500,-567.1102566030100,-589.9677807715700,-555.6814944611610,-601.3965427982820
1.5463463463463500,-566.9664555950960,-589.9760718857860,-555.4616474497500,-601.4808800311310
1.5464464464464500,-566.8226397388600,-589.9844001987610,-555.2417595664770,-601.565280486279
1.5465465465465500,-566.6788099357730,-589.992764541359,-555.0218326329800,-601.6497418441520
1.5466466466466500,-566.5349647820670,-590.0011666253880,-554.8018638604060,-601.7342675470490
1.5467467467467500,-566.391104256612,-590.0096063194530,-554.5818532251920,-601.818857350873
1.5468468468468500,-566.2472302980680,-590.0180816475180,-554.361804623343,-601.9035073222430
1.546946946946950,-566.103341271953,-590.0265943219310,-554.1417148045870,-601.9882209045420
1.547047047047050,-565.9594365804930,-590.0351445573490,-553.9215825920660,-602.0729985457760
1.5471471471471500,-565.8155181632770,-590.0437306072900,-553.7014118836470,-602.1578367716750
1.5472472472472500,-565.6715845002950,-590.0523541848630,-553.4811996580120,-602.2427390271460
1.5473473473473500,-565.5276356857060,-590.061014697494,-553.2609461221530,-602.3277041457290
1.5474474474474500,-565.3836729674330,-590.0697113210780,-553.0406537906100,-602.4127304979000
1.5475475475475500,-565.2396947098950,-590.0784454231610,-552.8203194109220,-602.497820837452
1.5476476476476500,-565.0957006613350,-590.0872169874900,-552.5999424982570,-602.5829751505670
1.5477477477477500,-564.9516924159870,-590.096024728413,-552.3795262597740,-602.668190884626
1.547847847847850,-564.8076699530190,-590.1048685140690,-552.1590706724950,-602.7534677945930
1.5479479479479500,-564.6636316358310,-590.113749943655,-551.9385724819190,-602.8388090975670
1.548048048048050,-564.5195779055720,-590.1226685386610,-551.7180325890280,-602.9242138552050
1.5481481481481500,-564.3755101261150,-590.1316228978150,-551.4974537402640,-603.0096792836660
1.5482482482482500,-564.2314271219730,-590.1406140437820,-551.2768336033360,-603.0952074469560
1.5483483483483500,-564.0873289882250,-590.1496421904740,-551.0561723871000,-603.1807987915990
1.5484484484484500,-563.94321558836,-590.1587073215670,-550.8354698372190,-603.266453303634
1.5485485485485500,-563.799086670357,-590.167809189838,-550.6147254683480,-603.35217050731
1.5486486486486500,-563.6549432526330,-590.1769468549390,-550.3939413359980,-603.4379485406100
1.5487487487487500,-563.5107842749360,-590.1861216860380,-550.173115338368,-603.5237901605720
1.548848848848850,-563.3666104094990,-590.1953337823160,-549.9522488386070,-603.6096955842430
1.548948948948950,-563.2224214042830,-590.2045820878530,-549.7313413513380,-603.6956627184770
1.5490490490490500,-563.0782167762770,-590.213866470433,-549.5103919292170,-603.7816913175290
1.5491491491491500,-562.9339976600710,-590.2231870288620,-549.2894028601210,-603.8677815977040
1.5492492492492500,-562.7897629948200,-590.2325446711790,-549.0683720410510,-603.9539353937670
1.5493493493493500,-562.645512181675,-590.241939959041,-548.847298292992,-604.040153847724
1.5494494494494500,-562.5012463554100,-590.2513714891100,-548.6261839041860,-604.1264341715870
1.5495495495495500,-562.3569656106110,-590.2608385511490,-548.405029082502,-604.2127749635770
1.5496496496496500,-562.212669811188,-590.2703420533620,-548.183833574438,-604.2991780587860
1.5497497497497500,-562.0683589363260,-590.2798824418580,-547.9625973570640,-604.3856443681270
1.5498498498498500,-561.925007932513,-590.2884832291290,-547.7432703420460,-604.4702209352770
1.54994994994995,-561.8060628882020,-590.2726988676380,-547.5727447249810,-604.5060166838520
1.55005005005005,-561.7554988804260,-590.1885552840430,-547.5389706786170,-604.4050834858520
1.5501501501501500,-561.7733464769170,-590.0360208321970,-547.6420093571180,-604.1673580676770
1.5502502502502500,-561.8156679542820,-589.8590331980830,-547.7939853323820,-603.8807158199840
1.5503503503503500,-561.8590228262600,-589.6810331776270,-547.9480176505760,-603.5920383533110
1.5504504504504500,-561.9024363361690,-589.5029953744410,-548.1021568170320,-603.3032748935770
1.5505505505505500,-561.9459075467600,-589.3249206884070,-548.2564009759370,-603.0144272592300
1.5506506506506500,-561.989434826552,-589.1468107136060,-548.4107468830250,-602.7254986571320
1.5507507507507500,-562.0330193212350,-588.9686642669740,-548.5651968483650,-602.4364867398440
1.550850850850850,-562.0766606715650,-588.7904816703750,-548.7197501721600,-602.1473921697800
1.550950950950950,-562.1203593296120,-588.6122624343630,-548.8744077772370,-601.858213986738
1.5510510510510500,-562.1641155153990,-588.4340063015270,-549.029170122335,-601.5689516945900
1.551151151151150,-562.207928754283,-588.2557137091360,-549.1840362768570,-601.2796061865630
1.5512512512512500,-562.2517986867980,-588.0773849792810,-549.3390055405570,-600.9901781255220
1.5513513513513500,-562.2957258806720,-587.8990195068420,-549.4940790675870,-600.7006663199270
1.5514514514514500,-562.3397102091590,-587.7206173811890,-549.6492566231440,-600.4110709672040
1.5515515515515500,-562.383751081399,-587.5421791557980,-549.8045370442000,-600.121393192998
1.5516516516516500,-562.42784929643,-587.3637039942550,-549.959921947518,-599.8316313431670
1.5517517517517500,-562.4720047266360,-587.1851919867830,-550.1154110965620,-599.5417856168570
1.5518518518518500,-562.5162172455000,-587.0066432225310,-550.2710042569850,-599.2518562110460
1.551951951951950,-562.5604863772150,-586.8280581399180,-550.4267004958630,-598.9618440212690
1.5520520520520500,-562.6048121101100,-586.6494367132500,-550.5824998085400,-598.6717490148200
1.5521521521521500,-562.6491953606780,-586.4707779886380,-550.7384040466980,-598.3815693026180
1.5522522522522500,-562.6936360012970,-586.2920821723730,-550.8944129737810,-598.0913053159340
1.5523523523523500,-562.7381328607140,-586.1133500501870,-551.0505242659780,-597.8009586449230
1.5524524524524500,-562.7826866233820,-585.9345811323460,-551.2067393108770,-597.5105283288060
1.5525525525525500,-562.8272979736320,-585.7557749292210,-551.363059495838,-597.220013407015
1.5526526526526500,-562.8719653917890,-585.5769324588480,-551.5194818002010,-596.9294159343190
1.5527527527527500,-562.9166902590820,-585.3980528831480,-551.6760090051070,-596.6387342532400
1.552852852852850,-562.9614717506550,-585.2191364089930,-551.8326394795440,-596.3479687962220
1.552952952952950,-563.0063093914620,-585.040183357912,-551.989372292101,-596.0571202250020
1.553053053053050,-563.0512052593980,-584.8611925436670,-552.1462116172640,-595.7661861858020
1.5531531531531500,-563.0961581813980,-584.6821644051660,-552.3031551275920,-595.4751675751260
1.5532532532532500,-563.1411668702440,-584.5031000760600,-552.4602002673360,-595.1840666789670
1.5533533533533500,-563.1862320104010,-584.3239991829580,-552.617348424122,-594.8928827692370
1.5534534534534500,-563.2313548665970,-584.1448603075970,-552.7746021460980,-594.6016130280960
1.5535535535535500,-563.2765344996010,-583.965684351827,-552.9319595734880,-594.31025927794
1.5536536536536500,-563.3217703168640,-583.786471987088,-553.0894195398830,-594.0188228803320
1.5537537537537500,-563.3670628863570,-583.607222259232,-553.2469831999190,-593.7273019456700
1.553853853853850,-563.4124127793620,-583.4279346758340,-553.4046517148460,-593.4356955077890
1.553953953953950,-563.4578192869090,-583.2486104898920,-553.562423685417,-593.1440060913840
1.5540540540540500,-563.5032820475820,-583.0692494440670,-553.7202984074900,-592.8522332004580
1.5541541541541500,-563.5488023290620,-582.8898502332860,-553.878278435118,-592.5603742435660
1.5542542542542500,-563.5943787250730,-582.7104142263490,-554.0363609744350,-592.2684319769870
1.5543543543543500,-563.6400111082860,-582.5309413968520,-554.1945457894820,-591.9764063666140
1.5544544544544500,-563.685701674496,-582.3514305587800,-554.35283729054,-591.6842950591070
1.5545545545545500,-563.731448669595,-582.1718822653450,-554.5112319880740,-591.3920991795730
1.5546546546546500,-563.7772511521960,-581.9922970714310,-554.6697280180020,-591.0998198564740
1.5547547547547500,-563.8231112022880,-581.8126746053230,-554.8283295589930,-590.807456365063
1.5548548548548500,-563.8690276465070,-581.6330147226820,-554.9870342830130,-590.5150084353630
1.554954954954960,-563.9150005894120,-581.4533168160630,-555.1458424178640,-590.2224748711670
1.555055055055060,-563.9610303685030,-581.2735816746080,-555.3047546572460,-589.9298572694560
1.5551551551551600,-564.0071161577760,-581.0938095046990,-555.4637693678330,-589.6371560616810
1.5552552552552600,-564.0532596910690,-580.9139990012140,-555.6228900359960,-589.3443686562860
1.5553553553553600,-564.0994597926710,-580.7341513024780,-555.7821143290050,-589.0514973486200
1.5554554554554600,-564.1457147060150,-580.5542666132160,-555.9414387524140,-588.7585425668170
1.5555555555555600,-564.1920265150070,-580.3743440935080,-556.1008674927230,-588.4655026497240
1.5556556556556600,-564.2383963712080,-580.1943834866960,-556.2604028717400,-588.1723771027160
1.5557557557557600,-564.2848222842190,-580.0143849979250,-556.420040927366,-587.8791663547780
1.555855855855860,-564.3313041262470,-579.8343493001910,-556.5797814227030,-587.5858717705910
1.555955955955960,-564.3778423519430,-579.6542767174910,-556.7396252857400,-587.2924940168370
1.5560560560560600,-564.4244370657730,-579.4741659423150,-556.8995727441110,-586.9990304971930
1.556156156156160,-564.4710888384780,-579.2940164829010,-557.0596249579710,-586.7054802468170
1.5562562562562600,-564.5177967258130,-579.1138297124650,-557.2197800575300,-586.4118460308340
1.5563563563563600,-564.5645611840290,-578.9336056041180,-557.3800389739850,-586.1181278141630
1.5564564564564600,-564.6113822015210,-578.7533435489410,-557.540401702805,-585.8243243976450
1.5565565565565600,-564.65825871613,-578.573043754956,-557.7008661383680,-585.5304362160200
1.5566566566566600,-564.7051925824850,-578.3927057302430,-557.8614360086230,-585.2364623041410
1.5567567567567600,-564.7521833223740,-578.2123294488860,-558.0221103758350,-584.9424026288590
1.5568568568568600,-564.7992289430730,-578.0319159325540,-558.1828852732480,-584.6482592522100
1.556956956956960,-564.8463314141760,-577.8514646915780,-558.3437646587400,-584.3540312135440
1.5570570570570600,-564.8934907242050,-577.6709755834680,-558.5047485280440,-584.0597182465690
1.5571571571571600,-564.9407063957320,-577.4904476475170,-558.6658359449960,-583.7653184485660
1.5572572572572600,-564.9879783002550,-577.3098810911160,-558.8270266712820,-583.4708322530030
1.5573573573573600,-565.0353059604310,-577.1292779890630,-558.9883197709040,-583.1762638281670
1.5574574574574600,-565.0826905305310,-576.9486366829860,-559.1497175710930,-582.8816098760030
1.5575575575575600,-565.1301316488800,-576.7679564459370,-559.3112193671960,-582.5868689613100
1.5576576576576600,-565.1776283705800,-576.5872386523810,-559.4728232881010,-582.2920438517030
1.5577577577577600,-565.2251809183300,-576.4064829254970,-559.634529797903,-581.9971338122360
1.557857857857860,-565.2727905623670,-576.2256887756140,-559.7963414557610,-581.7021378822560
1.557957957957960,-565.3204569421750,-576.0448558247010,-559.9582575593340,-581.4070553243870
1.558058058058060,-565.3681786475230,-575.8639849782200,-560.1202753068530,-581.1118879682470
1.5581581581581600,-565.4159561310950,-575.683077148537,-560.2823956223740,-580.8166376572580
1.5582582582582600,-565.4637906658790,-575.5021303241790,-560.4446210705630,-580.5213003871620
1.5583583583583600,-565.5116817736990,-575.3211440105770,-560.606950713755,-580.2258751875110
1.5584584584584600,-565.5596285089540,-575.1401199340620,-560.7693826794470,-579.9303655296630
1.5585585585585600,-565.6076309776540,-574.9590583022970,-560.9319171983430,-579.6347718476290
1.5586586586586600,-565.6556898686050,-574.7779580383790,-561.0945556667460,-579.3390920062950
1.5587587587587600,-565.7038056358340,-574.5968190016770,-561.257299011408,-579.0433257430920
1.558858858858860,-565.7519769849160,-574.4156420984200,-561.420144662161,-578.7474748891690
1.558958958958960,-565.8002039041890,-574.2344264838210,-561.5830926143740,-578.451537773637
1.5590590590590600,-565.8484870807890,-574.0531723692520,-561.7461442610010,-578.1555148379270
1.5591591591591600,-565.896826856213,-573.8718799611600,-561.9093003037400,-577.8594065136330
1.5592592592592600,-565.9452232190900,-573.6905482972740,-562.0725607385290,-577.5632108948980
1.5593593593593600,-565.9936749878330,-573.5091785217150,-562.2359232208930,-577.2669302886550
1.5594594594594600,-566.0421826176450,-573.3277706101950,-562.3993886799200,-576.9705646650180
1.5595595595595600,-566.0907465661410,-573.1463237164810,-562.5629580495380,-576.6741123502190
1.5596596596596600,-566.139366354861,-572.9648380473190,-562.7266303915150,-576.3775737764310
1.55975975975976,-566.1880422049450,-572.7833140468940,-562.8904061668180,-576.0809498507150
1.5598598598598600,-566.2329486155100,-572.6055771789170,-563.0466343923740,-575.7918915191880
1.55995995995996,-566.2130122297070,-572.492700059947,-563.0731683731730,-575.6325440336530
1.56006006006006,-566.0307054473620,-572.5422104869730,-562.7749529275570,-575.7979630067790
1.5601601601601600,-565.7018238695360,-572.7383130559270,-562.1835792763410,-576.256557649122
1.5602602602602600,-565.3265060161340,-572.9808690923430,-561.4993244780300,-576.8080506304480
1.5603603603603600,-564.9499464621360,-573.2246839838810,-560.8125777012640,-577.3620527447540
1.5604604604604600,-564.573278929775,-573.468623970913,-560.125606409206,-577.9162964914820
1.5605605605605600,-564.1965043237870,-573.7126881113220,-559.4384124300200,-578.4707800050890
1.5606606606606600,-563.8196203849470,-573.9568786269600,-558.7509912639410,-579.0255077479660
1.5607607607607600,-563.4426294231590,-574.2011931705430,-558.0633475494680,-579.5804750442340
1.560860860860860,-563.0655314066850,-574.4456317364250,-557.3754812418140,-580.1356819012960
1.560960960960960,-562.6883236090660,-574.6901970136820,-556.6873869067580,-580.6911337159900
1.5610610610610600,-562.311008691032,-574.9348863042060,-555.9990698844450,-581.2468251107930
1.561161161161160,-561.9335865037080,-575.1796997194860,-555.3105298958190,-581.8027563273750
1.5612612612612600,-561.5560553734160,-575.4246388958290,-554.6217636122100,-582.3589306570350
1.5613613613613600,-561.178416088935,-575.6697030070550,-553.9327726298750,-582.915346466115
1.5614614614614600,-560.8006694378500,-575.9148912282250,-553.243558542662,-583.4720021234130
1.5615615615615600,-560.4228142144220,-576.1602046102190,-552.5541189577930,-584.028899749386
1.5616616616616600,-560.0448500365250,-576.4056438501780,-551.8644531296990,-584.586040757004
1.5617617617617600,-559.666778745124,-576.6512069523300,-551.1745647590010,-585.1434211734130
1.5618618618618600,-559.2885990194110,-576.8968946126740,-550.4844512227800,-585.7010424093050
1.561961961961960,-558.9103100054280,-577.142708235173,-549.7941108318070,-586.2589072912960
1.5620620620620600,-558.5319136631380,-577.3886459400230,-549.1035475246950,-586.8170120784650
1.5621621621621600,-558.153408672167,-577.6347086577210,-548.4127586793900,-587.3753586504990
1.5622622622622600,-557.7747949992680,-577.8808965016130,-547.7217442480950,-587.9339472527850
1.5623623623623600,-557.3960737842150,-578.1272081770440,-547.0305065290320,-588.4927753146920
1.5624624624624600,-557.0172430008720,-578.3736460253410,-546.339041488638,-589.0518475375760
1.5625625625625600,-556.6383040236030,-578.6202083997110,-545.6473518943170,-589.611160646532
1.5626626626626600,-556.2592571716380,-578.8668947084730,-544.9554384032210,-590.1707134768900
1.5627627627627600,-555.8801011239900,-579.1137067054380,-544.2632983920700,-590.7305095549650
1.562862862862860,-555.5008369015110,-579.3606427444090,-543.5709339212590,-591.2905456070540
1.562962962962960,-555.1214640040720,-579.6077038761760,-542.878344009216,-591.8508237534250
1.563063063063060,-554.7419816952670,-579.8548909174330,-542.1855272018280,-592.4113456461590
1.5631631631631600,-554.3623907611170,-580.1022021037150,-541.4924850898180,-592.9721077750140
1.5632632632632600,-553.9826918760070,-580.3496374290330,-540.799219040654,-593.5331101467050
1.5633633633633600,-553.6028841857600,-580.5971978279400,-540.1057273646690,-594.0943546490310
1.5634634634634600,-553.2229676569720,-580.8448829434360,-539.4120100137410,-594.6558405866670
1.5635635635635600,-552.8429420226050,-581.0926931228430,-538.7180664724870,-595.2175686729610
1.5636636636636600,-552.462806897791,-581.3406284781010,-538.0238959898650,-595.7795391504840
1.5637637637637600,-552.0825641275520,-581.5886879512340,-537.3295022746050,-596.3417499219700
1.563863863863860,-551.7022123895460,-581.8368722383270,-536.6348827007150,-596.9042023982770
1.563963963963960,-551.3217501233680,-582.0851815667930,-535.9400341660770,-597.4668970529280
1.5640640640640600,-550.9411797631270,-582.3336159386000,-535.2449615576010,-598.0298339085480
1.5641641641641600,-550.5605012775630,-582.5821746410130,-534.5496648314520,-598.5930115583520
1.5642642642642600,-550.1797127515440,-582.8308577847170,-533.8541401760630,-599.1564302424080
1.5643643643643600,-549.7988148603670,-583.0796664239620,-533.1583889607080,-599.7200920878980
1.5644644644644600,-549.4178082750780,-583.3285998506700,-532.462412546176,-600.283995697361
1.5645645645645600,-549.0366927275100,-583.5776575886450,-531.766210414822,-600.8481401370930
1.5646646646646600,-548.6554680696070,-583.8268395124370,-531.0697822892240,-601.4125251748850
1.564764764764770,-548.2741337973230,-584.0761469140910,-530.37312717999,-601.9771534135270
1.5648648648648600,-547.8926901125860,-584.3255794363920,-529.6762455096500,-602.5420241572620
1.564964964964970,-547.5111373365090,-584.5751361312670,-528.9791379391300,-603.1071355286460
1.565065065065070,-547.1294754379020,-584.8248174642320,-528.2818044247360,-603.6724884773970
1.5651651651651700,-546.7477039099260,-585.0746236688330,-527.5842439714870,-604.2380834893010
1.5652652652652700,-546.365822722422,-585.3245550917680,-526.8864565377490,-604.8039212764400
1.5653653653653700,-545.983832903507,-585.5746105496020,-526.1884441984490,-605.3699994906380
1.5654654654654700,-545.601733358704,-585.8247906275190,-525.4902047833180,-605.9363193209490
1.5655655655655700,-545.2195237026460,-586.0750959092900,-524.7917375403200,-606.502881953608
1.5656656656656700,-544.8372051983320,-586.3255254486550,-524.0930450141480,-607.0696855147960
1.5657657657657700,-544.4547771077950,-586.5760798283020,-523.3941257475410,-607.6367311885560
1.565865865865870,-544.0722385734510,-586.8267595142010,-522.6949780440360,-608.2040199255370
1.565965965965970,-543.6895910934080,-587.0775635612740,-521.9956049185340,-608.7715498542650
1.5660660660660700,-543.3068343989650,-587.3284917284400,-521.2960058523250,-609.3393205112760
1.566166166166170,-542.9239669280790,-587.5795453042160,-520.5961777400100,-609.907334492285
1.5662662662662700,-542.5409901748040,-587.83072322952,-519.8961235883870,-610.4755896978200
1.5663663663663700,-542.1579039928080,-588.0820253770260,-519.1958431234890,-611.0440858919250
1.5664664664664700,-541.7747075300860,-588.3334531520920,-518.4953346599880,-611.6128259040000
1.5665665665665700,-541.3914015707790,-588.5850054970590,-517.794599784867,-612.1818076374280
1.5666666666666700,-541.0079856111270,-588.8366820511790,-517.0936375092890,-612.7510303893940
1.5667667667667700,-540.6244595032430,-589.0884831610180,-516.3924475561670,-613.3204948717160
1.5668668668668700,-540.2408242769700,-589.340408823137,-515.6910320038870,-613.8902010962200
1.566966966966970,-539.8570787177710,-589.5924595056850,-514.989388442058,-614.4601500178850
1.5670670670670700,-539.4732222047790,-589.8446350826200,-514.2875156476330,-615.0303414033160
1.5671671671671700,-539.0892563575900,-590.0969350792410,-513.5854168785040,-615.6007743218050
1.5672672672672700,-538.7051810241080,-590.3493596105520,-512.8830918491660,-616.1714490220540
1.5673673673673700,-538.3209948738960,-590.6019089050860,-512.1805379174320,-616.7423659798120
1.5674674674674700,-537.9366989356920,-590.854582369829,-511.4777571594750,-617.3135240277490
1.5675675675675700,-537.5522930636460,-591.107380586383,-510.77474930227700,-617.8849243477520
1.5676676676676700,-537.1677760403580,-591.3603042615980,-510.0715119297370,-618.4565683722190
1.567767767767770,-536.7831491313,-591.6133523293090,-509.3680475914810,-619.0284539874990
1.567867867867870,-536.398412189062,-591.8665245444230,-508.66435601138100,-619.6005807221040
1.5679679679679700,-536.0135651777690,-592.1198211421730,-507.96043713638200,-620.1729490651890
1.568068068068070,-535.6286080665920,-592.3732422343040,-507.25629092351500,-620.7455592589380
1.5681681681681700,-535.2435397628990,-592.626788876298,-506.5519152062000,-621.3184134329970
1.5682682682682700,-534.8583609389500,-592.8804603584200,-505.84731134765800,-621.8915101865980
1.5683683683683700,-534.4730722688750,-593.1342553769560,-505.1424807148340,-622.4648469309960
1.5684684684684700,-534.0876732541800,-593.3881749852400,-504.43742232942900,-623.0384257915480
1.5685685685685700,-533.7021632660300,-593.6422198931530,-503.73213495246800,-623.6122482067150
1.5686686686686700,-533.3165429807530,-593.8963890316800,-503.0266199552900,-624.1863120571430
1.5687687687687700,-532.9308124903060,-594.1506823899130,-502.320877540502,-624.7606173397160
1.568868868868870,-532.5449704564130,-594.4051011502030,-501.61490505024200,-625.3351664378220
1.568968968968970,-532.1590186183080,-594.6596437730260,-500.9087059816730,-625.9099562911090
1.5690690690690700,-531.7729561219510,-594.9143114307430,-500.2022786454020,-626.484989262985
1.5691691691691700,-531.3867816306590,-595.1691042370240,-499.49562038675200,-627.060265599483
1.5692692692692700,-531.0004977095720,-595.4240200635890,-498.78873635469900,-627.6357810627330
1.5693693693693700,-530.6141032699080,-595.67906091037,-498.0816243903640,-628.2115396712890
1.5694694694694700,-530.2275973261250,-595.9342268956200,-497.37428254136000,-628.7875416803490
1.5695695695695700,-529.8409807919080,-596.1895171868840,-496.66671265373200,-629.3637854436850
1.5696696696696700,-529.4542532855140,-596.4449320097700,-495.9589139826980,-629.9402714312110
1.56976976976977,-529.0674146536770,-596.7004715988670,-495.25088624041200,-630.5170001307930
1.5698698698698700,-528.68636326281,-596.950237431649,-494.55442617839100,-631.0821745160690
1.56996996996997,-528.3779036143650,-597.1274250879740,-494.00314281823000,-631.5021857654470
1.57007007007007,-528.2330072803390,-597.1410631957940,-493.7789793226120,-631.5950911535210
1.5701701701701700,-528.2213365692850,-597.0214890531750,-493.8212603273400,-631.4215652951190
1.5702702702702700,-528.2465659712120,-596.8650282514050,-493.9373348311160,-631.1742593915010
1.5703703703703700,-528.2723069659940,-596.7080692732360,-494.05442581237300,-630.9259504268570
1.5704704704704700,-528.2980944583690,-596.5510771765370,-494.17160309928500,-630.6775685356210
1.5705705705705700,-528.3239293761790,-596.3940509960940,-494.28886856622100,-630.429111806051
1.5706706706706700,-528.3498101727070,-596.2369922412350,-494.4062191384430,-630.1805832754990
1.5707707707707700,-528.3757374293630,-596.0799002931640,-494.5236559974630,-629.9319817250650
1.570870870870870,-528.4017127843230,-595.9227734763390,-494.64118243831500,-629.6833038223470
1.570970970970970,-528.4277345747160,-595.7656134162410,-494.75879515395400,-629.4345528370030
1.5710710710710700,-528.4538025478360,-595.6084203281940,-494.87649365765700,-629.1857292183720
1.5711711711711700,-528.4799176365010,-595.4511932419990,-494.99427983375200,-628.9368310447480
1.5712712712712700,-528.5060793582440,-595.2939326027500,-495.1121527359900,-628.687859225003
1.5713713713713700,-528.532287225109,-595.1366388610220,-495.2301114071520,-628.4388146789790
1.5714714714714700,-528.5585424109410,-594.9793108055900,-495.34815821361600,-628.1896950029140
1.5715715715715700,-528.5848450222520,-594.8219482925550,-495.46629338710100,-627.940499927706
1.5716716716716700,-528.6111935033890,-594.664552840188,-495.58451383499000,-627.6912325085870
1.5717717717717700,-528.6375883148500,-594.5071240696060,-495.70282049696700,-627.441892006478
1.5718718718718700,-528.6640299225790,-594.349661120506,-495.82121432361500,-627.1924767194700
1.571971971971970,-528.6905180734750,-594.1921643276100,-495.93969482741900,-626.9429873356890
1.5720720720720700,-528.7170534690640,-594.0346335469400,-496.0582634301260,-626.6934235858780
1.5721721721721700,-528.7436353858530,-593.8770689887480,-496.17691870343100,-626.4437859092200
1.5722722722722700,-528.7702630972510,-593.7194709850870,-496.2956592128460,-626.1940749885170
1.5723723723723700,-528.7969376591330,-593.5618385616520,-496.4144870888130,-625.94428889385
1.5724724724724700,-528.8236596513130,-593.4041716965200,-496.53340350964900,-625.6944276000620
1.5725725725725700,-528.850427998993,-593.2464714271350,-496.65240634445200,-625.444493200737
1.5726726726726700,-528.8772416148810,-593.0887380890910,-496.771493437324,-625.1944863857450
1.572772772772770,-528.9041022663860,-592.9309701156030,-496.8906683417780,-624.9444040402120
1.572872872872870,-528.9310101858000,-592.7731674752320,-497.009931541084,-624.6942461199470
1.5729729729729700,-528.9579642888090,-592.6153310958110,-497.12928088530800,-624.4440144993130
1.573073073073070,-528.9849650331140,-592.4574606014350,-497.2487173085390,-624.1937084451800
1.5731731731731700,-529.0120116975080,-592.2995563184200,-497.3682393870520,-623.9433286288770
1.5732732732732700,-529.0391047493890,-592.1416178611140,-497.4878480743380,-623.6928742977890
1.5733733733733700,-529.066244881895,-591.9836450949700,-497.60754477535800,-623.4423452015070
1.5734734734734700,-529.0934307811220,-591.8256387005720,-497.72732688100100,-623.1917427199000
1.5735735735735700,-529.1206633785000,-591.6675975898700,-497.8471962728150,-622.9410646955550
1.5736736736736700,-529.1479433736160,-591.5095215028070,-497.96715436865900,-622.6903106270420
1.5737737737737700,-529.1752685083950,-591.3514121830280,-498.0871966710780,-622.4394840203450
1.573873873873870,-529.2026401881070,-591.1932684264260,-498.2073260093080,-622.1885824859450
1.573973973973970,-529.2300588773680,-591.0350900888930,-498.3275433312640,-621.9376057543130
1.5740740740740700,-529.257522897143,-590.8768778576410,-498.4478452975600,-621.6865552185560
1.5741741741741700,-529.285033663059,-590.7186313535520,-498.56823475815500,-621.43543013914
1.5742742742742700,-529.3125908116460,-590.5603507833820,-498.68871100478700,-621.1842309482590
1.5743743743743700,-529.3401943201350,-590.4020348198170,-498.80927401061800,-620.9329550099820
1.5744744744744700,-529.3678448885960,-590.2436842768350,-498.92992519447700,-620.6816039709540
1.5745745745745700,-529.3955409706280,-590.0853000667500,-499.0506614822430,-620.4301796744870
1.5746746746746700,-529.423282908264,-589.9268815715380,-499.17148357668200,-620.1786809032290
1.574774774774780,-529.4510713944250,-589.7684285380900,-499.2923928823230,-619.9271071696530
1.5748748748748700,-529.4789063011340,-589.6099402212480,-499.4133891619040,-619.6754570021320
1.574974974974980,-529.5067879779750,-589.4514175479080,-499.5344731332770,-619.423732273145
1.575075075075080,-529.5347154569990,-589.2928609708980,-499.65564287924100,-619.1719339070380
1.5751751751751800,-529.562688479097,-589.1342696367550,-499.776897900268,-618.9200602155840
1.5752752752752800,-529.5907078791950,-588.9756437482920,-499.89823988489700,-618.6681116230930
1.5753753753753800,-529.6187742390130,-588.81698268651,-500.019670015264,-618.4160869102590
1.5754754754754800,-529.6468863433380,-588.6582871512280,-500.1411858796260,-618.1639874954060
1.5755755755755800,-529.6750443068120,-588.4995574685090,-500.262787725964,-617.9118140493570
1.5756756756756800,-529.703248949823,-588.340792661101,-500.3844772137360,-617.6595646362920
1.5757757757757800,-529.7314994270040,-588.1819929391950,-500.50625267090800,-617.407239695291
1.575875875875880,-529.7597963198730,-588.0231582816500,-500.62811527920000,-617.1548392027530
1.575975975975980,-529.7881389062790,-587.8642894928340,-500.7500636130020,-616.9023647861110
1.5760760760760800,-529.8165275248200,-587.7053858380620,-500.8720983681990,-616.6498149946830
1.5761761761761800,-529.8449623979540,-587.5464471770540,-500.9942200084050,-616.3971895666030
1.5762762762762800,-529.8734432861610,-587.3874738316080,-501.11642807325800,-616.1444891641530
1.5763763763763800,-529.9019706476110,-587.2284649472350,-501.2387234977990,-615.8917120970470
1.5764764764764800,-529.9305431616150,-587.0694220465340,-501.36110365933400,-615.6388614291720
1.5765765765765800,-529.9591617648420,-586.9103443947410,-501.4835704498920,-615.3859357096900
1.5766766766766800,-529.9878271548540,-586.7512307782280,-501.6061252832920,-615.1329325300390
1.5767767767767800,-530.016538617644,-586.5920824722790,-501.72876675020200,-614.8798544594730
1.5768768768768800,-530.0452957814760,-586.43289909273,-501.8514941258480,-614.6267007483570
1.576976976976980,-530.0740985017640,-586.2736811060510,-501.9743071397450,-614.3734723483180
1.5770770770770800,-530.1029471334390,-586.1144288385640,-502.0972065204520,-614.1201699307030
1.5771771771771800,-530.1318416639120,-585.9551404688030,-502.22019226146600,-613.8667898712480
1.5772772772772800,-530.1607826757080,-585.7958163350130,-502.3432655465500,-613.6133328651600
1.5773773773773800,-530.1897695616490,-585.6364583249200,-502.4664251800140,-613.3598027065550
1.5774774774774800,-530.2188019455240,-585.4770652199080,-502.5896704281390,-613.1061969769060
1.5775775775775800,-530.2478805381260,-585.3176360321150,-502.7130027312010,-612.8525137191800
1.5776776776776800,-530.2770048433860,-585.1581722986620,-502.83642111574700,-612.5987560263010
1.577777777777780,-530.3061752081870,-584.998673155942,-502.95992629423900,-612.3449221897500
1.577877877877880,-530.3353917444320,-584.8391382149430,-503.0835185091770,-612.0910114501980
1.5779779779779800,-530.364653245396,-584.6795690045960,-503.20719536579600,-611.8370268841950
1.578078078078080,-530.3939602934490,-584.5199649052700,-503.3309580475230,-611.582967271165
1.5781781781781800,-530.423314181851,-584.3603242263970,-503.45480915957800,-611.3288292486690
1.5782782782782800,-530.4527140721990,-584.2006478889920,-503.57874704383200,-611.0746146774190
1.5783783783783800,-530.4821587571050,-584.040937662901,-503.7027693042060,-610.8203271157990
1.5784784784784800,-530.5116490590300,-583.8811922084310,-503.8268776043180,-610.5659639031190
1.5785785785785800,-530.5411860364480,-583.7214099497500,-503.9510740797960,-610.3115219064020
1.5786786786786800,-530.5707686015970,-583.5615925371590,-504.0753565738130,-610.0570044449370
1.5787787787787800,-530.600396631041,-583.4017402967520,-504.1997248581890,-609.8024121896100
1.578878878878880,-530.630070227771,-583.2418523681280,-504.3241791575920,-609.5477434383070
1.578978978978980,-530.6597894947730,-583.081928970937,-504.44871969668800,-609.2929986490160
1.5790790790790800,-530.6895548997420,-582.9219698401180,-504.5733474295540,-609.0381773103060
1.5791791791791800,-530.7193658345320,-582.7619750663360,-504.6980611585910,-608.7832796221980
1.5792792792792800,-530.7492224021740,-582.6019448693190,-504.82286110854400,-608.5283060428340
1.5793793793793800,-530.7791242439780,-582.4418796905520,-504.94774658073100,-608.273257473878
1.5794794794794800,-530.8090719291730,-582.2817785631550,-505.0727187322980,-608.0181320002600
1.5795795795795800,-530.8390653250510,-582.1216413421160,-505.1977773165190,-607.762929350648
1.5796796796796800,-530.8691046739010,-581.961468348446,-505.3229228366650,-607.5076501857550
1.57977977977978,-530.8991894777280,-581.8012598023130,-505.4481543154360,-607.2522949646050
1.5798798798798800,-530.9188386728920,-581.6514964898180,-505.5525096442410,-607.017825278093
1.57997997997998,-530.840102830529,-581.6001286437250,-505.4600899840430,-606.9801416104360
1.58008008008008,-530.5612234285680,-581.7489137871210,-504.96737830938500,-607.342759026491
1.5801801801801800,-530.1351780673800,-582.0448744025050,-504.1803298397060,-607.9997225099550
1.5802802802802800,-529.6739480882030,-582.3760297122720,-503.32290727616800,-608.727070524306
1.5803803803803800,-529.2124135329290,-582.7074991562880,-502.46487072124900,-609.4550419679670
1.5804804804804800,-528.7507378591640,-583.039119359795,-501.60654710884800,-610.1833101101110
1.5805805805805800,-528.2889205595410,-583.3708909131070,-500.74793544292400,-610.9118761500560
1.5806806806806800,-527.8269613621250,-583.7028136897700,-499.88903519830200,-611.640739853593
1.5807807807807800,-527.3648605917890,-584.0348874478840,-499.02984704340800,-612.3699007555980
1.580880880880880,-526.9026187939150,-584.3671122063330,-498.1703720877050,-613.0993589125430
1.5809809809809800,-526.4402355814230,-584.6994877131660,-497.31060957571900,-613.8291138392030
1.5810810810810800,-525.9777111641310,-585.0320136008450,-496.4505599457740,-614.5591648192020
1.5811811811811800,-525.5150445479720,-585.3646911870620,-495.5902212284280,-615.2895145066070
1.5812812812812800,-525.05223605795,-585.6975201094920,-494.7295940923820,-616.0201621954660
1.5813813813813800,-524.5892864802000,-586.0304991834060,-493.86868012859800,-616.7511055350090
1.5814814814814800,-524.1261951867780,-586.3636292401910,-493.0074780998690,-617.4823462066940
1.5815815815815800,-523.6629617958740,-586.6969108650640,-492.1459872612800,-618.2138853996580
1.5816816816816800,-523.1995865018860,-587.0303434650460,-491.28420802030600,-618.9457219466270
1.5817817817817800,-522.7360700960750,-587.3639263318970,-490.42214197816400,-619.6778544498080
1.5818818818818800,-522.272411243433,-587.6976607632540,-489.55978648352300,-620.410285523164
1.581981981981980,-521.8086104945070,-588.031546412173,-488.69714265617000,-621.1430144915030
1.5820820820820800,-521.3446684048750,-588.3655819627180,-487.83421162595300,-621.8760387416390
1.5821821821821800,-520.8805835243130,-588.6997691891670,-486.9709905111130,-622.6093618408220
1.5822822822822800,-520.4163571265360,-589.0341075035060,-486.1074818777750,-623.3429826317160
1.5823823823823800,-519.9519889235130,-589.3685965539580,-485.2436851685650,-624.0769004294570
1.5824824824824800,-519.4874780459070,-589.7032369312830,-484.3795986634950,-624.8111164342460
1.5825825825825800,-519.0228251866270,-590.0380280257310,-483.5152237670750,-625.5456294452840
1.5826826826826800,-518.5580302930000,-590.3729702143160,-482.65056039265400,-626.2804402352850
1.582782782782780,-518.0930933343450,-590.7080630079290,-481.7856084975530,-627.0155478447210
1.582882882882880,-517.6280146421400,-591.0433062789510,-480.9203687634240,-627.7509520370440
1.5829829829829800,-517.1627928586590,-591.3787015889770,-480.0548384935010,-628.4866559541360
1.583083083083080,-516.697428309705,-591.7142482129410,-479.18901835808700,-629.2226581645600
1.5831831831831800,-516.23192262604,-592.0499446033400,-478.32291163739000,-629.9589555919900
1.5832832832832800,-515.7662742254410,-592.3857923050080,-477.45651518565800,-630.695551344791
1.5833833833833800,-515.3004830601520,-592.7217914490620,-476.5898289260630,-631.4324457038840
1.5834834834834800,-514.8345496975300,-593.057941068543,-475.72285401202400,-632.1696367540490
1.5835835835835800,-514.3684738775930,-593.3942415068130,-474.8555899422510,-632.9071252006890
1.5836836836836800,-513.9022551843710,-593.7306937461140,-473.98803590350000,-633.6449130269850
1.5837837837837800,-513.4358941797270,-594.067296583534,-473.1201930381900,-634.3829978458040
1.583883883883880,-512.9693912015270,-594.4040495231000,-472.2520620407400,-635.1213786838870
1.583983983983980,-512.5027451325240,-594.7409540068710,-471.3836406953500,-635.8600584440450
1.5840840840840800,-512.0359564081150,-595.078009562177,-470.5149298915050,-636.5990361996290
1.5841841841841800,-511.5690243997290,-595.4152164176900,-469.6459283907480,-637.3383124266710
1.5842842842842800,-511.1019498990320,-595.752573986047,-468.776637795104,-638.0778859691330
1.5843843843843800,-510.6347328818530,-596.0900824957120,-467.90705807492300,-638.8177573026420
1.5844844844844800,-510.1673729557760,-596.4277419392070,-467.0371884640600,-639.5579264309220
1.5845845845845800,-509.69987079175500,-596.7655518499520,-466.16703032311400,-640.2983924395080
1.5846846846846800,-509.232224921249,-597.1035134173090,-465.2965807336940,-641.0391577258150
1.584784784784790,-508.764436262828,-597.4416255643050,-464.4258415516320,-641.7802201545860
1.5848848848848800,-508.2965046656210,-597.7798887672090,-463.5548124938760,-642.5215806970530
1.584984984984990,-507.82843009374500,-598.1183033875190,-462.6834935073520,-643.2632400949000
1.585085085085090,-507.36021263191300,-598.4568682143410,-461.8118847801690,-644.0051959450250
1.5851851851851900,-506.8918517538640,-598.7955844626010,-460.9399852785090,-644.7474506959830
1.5852852852852900,-506.4233482700610,-599.134451889278,-460.06779664196900,-645.4900038804040
1.5853853853853900,-505.95470155239600,-599.4734695120970,-459.1953176330400,-646.2328535524400
1.5854854854854900,-505.4859117940930,-599.812638068656,-458.3225486568480,-646.9760012059740
1.5855855855855900,-505.0169778822620,-600.1519586341580,-457.4494875063150,-647.7194490101060
1.5856856856856900,-504.54790074274900,-600.4914300035250,-456.57613605181300,-648.4631945733640
1.5857857857857900,-504.0786817792470,-600.8310510988920,-455.702497119424,-649.2072357587150
1.585885885885890,-503.60931890376100,-601.1708236075750,-454.828566551854,-649.9515759594820
1.5859859859859900,-503.1398116154630,-601.5107479929920,-453.9543433661320,-650.6962161211900
1.5860860860860900,-502.67016131833500,-601.8508231771900,-453.07983038890700,-651.441154106617
1.5861861861861900,-502.200368804003,-602.1910480888930,-452.2050292221250,-652.1863877919040
1.5862862862862900,-501.7304321251760,-602.5314242745380,-451.329935989893,-652.931920288616
1.5863863863863900,-501.26035148812900,-602.8719523386870,-450.45455112345200,-653.6777528245680
1.5864864864864900,-500.79012721310500,-603.2126314389210,-449.57887528198600,-654.4238837336200
1.5865865865865900,-500.31975913586600,-603.5534608537510,-448.7029081557010,-655.17031159147
1.5866866866866900,-499.8492485536780,-603.8944407030230,-447.8266523578190,-655.9170366565070
1.5867867867867900,-499.3785940969070,-604.2355720764230,-446.9501051677700,-656.664061126801
1.586886886886890,-498.9077952584310,-604.5768545953100,-446.0732655899920,-657.4113842637490
1.586986986986990,-498.4368523730160,-604.9182884936260,-445.19613431271100,-658.1590065539320
1.5870870870870900,-497.96576658174700,-605.2598723503590,-444.31871363678400,-658.9069251740080
1.5871871871871900,-497.4945371421840,-605.6016073558100,-443.441002096028,-659.6551425232800
1.5872872872872900,-497.02316329035100,-605.943493508706,-442.5629981811740,-660.4036586178830
1.5873873873873900,-496.55164583189300,-606.2855302085650,-441.684703522206,-661.1524722755510
1.5874874874874900,-496.0799836681440,-606.6277192447870,-440.8061159404790,-661.9015870937660
1.5875875875875900,-495.60817842512300,-606.9700581046780,-439.9272387067330,-662.6509980658420
1.5876876876876900,-495.1362294521600,-607.3125472798640,-439.0480705383080,-663.4007061937160
1.587787787787790,-494.66413542278700,-607.6551886664420,-438.1686088009590,-664.15071528827
1.587887887887890,-494.1918974923340,-607.9979808289260,-437.28885582403800,-664.9010224972230
1.5879879879879900,-493.7195158522150,-608.3409232956760,-436.40881200906200,-665.651626895983
1.588088088088090,-493.2469906029810,-608.6840166572980,-435.52847757582200,-666.4025296844570
1.5881881881881900,-492.77432073715900,-609.0272612768060,-434.64785052806500,-667.1537316073590
1.5882882882882900,-492.3015059911160,-609.3706573804140,-433.7669303572150,-667.9052331358110
1.5883883883883900,-491.8285471477390,-609.7142042692020,-432.88571864773800,-668.6570328906630
1.5884884884884900,-491.3554447782580,-610.0579010917090,-432.0042165607850,-669.4091291876860
1.5885885885885900,-490.88219801955400,-610.4017489165310,-431.1224223888030,-670.1615241827580
1.5886886886886900,-490.4088062281260,-610.745749078937,-430.2403348634870,-670.9142205651090
1.5887887887887900,-489.93526973247600,-611.0899001194420,-429.3579546605250,-671.6672154344570
1.588888888888890,-489.4615893230310,-611.4342010886400,-428.47528337946000,-672.4205069106780
1.588988988988990,-488.98776473675400,-611.7786531844280,-427.59232051291700,-673.1740974082650
1.5890890890890900,-488.51379556467000,-612.1232559275060,-426.7090652616290,-673.9279859873000
1.5891891891891900,-488.03968226527400,-612.4680097949030,-425.82551856128000,-674.6821736205380
1.5892892892892900,-487.5654233510900,-612.8129156285880,-424.9416774556050,-675.4366620106020
1.5893893893893900,-487.0910194990140,-613.1579717412070,-424.05754331709700,-676.1914478014830
1.5894894894894900,-486.61647214110300,-613.5031781229300,-423.17311902854900,-676.9465309922030
1.5895895895895900,-486.14177990313200,-613.8485361106650,-422.28840186020400,-677.7019142752700
1.5896896896896900,-485.66694238386500,-614.1940449733970,-421.4033910282790,-678.457596207342
1.58978978978979,-485.1919602771920,-614.5397048314060,-420.51808793924600,-679.2135770476740
1.5898898898898900,-484.7647250650280,-614.8376241654770,-419.7282755756250,-679.8740737765220
1.58998998998999,-484.6922164080680,-614.7808225474640,-419.6479132774950,-679.8251255562860
1.59009009009009,-485.2729728598520,-614.0707622382890,-420.874078170633,-678.4696569275070
1.5901901901901900,-486.287555481692,-612.9268817741350,-422.9678923963460,-676.2465449812320
1.5902902902902900,-487.3898964547990,-611.6952486928960,-425.23722033575100,-673.8479248119450
1.5903903903903900,-488.49275297490900,-610.4631060049260,-427.50757639900700,-671.4482824590410
1.5904904904904900,-489.5960612306620,-609.2305177278150,-429.7788329820850,-669.0477459763920
1.5905905905905900,-490.6998201735360,-607.9974846291220,-432.05098800663600,-666.6463169178080
1.5906906906906900,-491.8040299731080,-606.7640062583330,-434.32404183049600,-664.2439944009450
1.5907907907907900,-492.9086912773660,-605.5300824172870,-436.5979957683350,-661.8407780481780
1.590890890890890,-494.01380241921500,-604.2957142483380,-438.87284650465300,-659.4366701628990
1.5909909909909900,-495.11936465595100,-603.0609007005250,-441.14859657273500,-657.0316686618810
1.5910910910910900,-496.2253793581360,-601.8256406096150,-443.42524873239700,-654.625771235355
1.5911911911911900,-497.33184462364100,-600.5899354747960,-445.7027991980640,-652.2189809003730
1.5912912912912900,-498.43876001269700,-599.3537858203060,-447.9812471088930,-649.8112987241100
1.5913913913913900,-499.54612701794900,-598.1171901161090,-450.2605954688700,-647.4027216651880
1.5914914914914900,-500.6539456783230,-596.8801482859220,-452.54084437452300,-644.9932495897210
1.5915915915915900,-501.7622150475670,-595.6426611166030,-454.82199195204700,-642.582884090118
1.5916916916916900,-502.8709359057430,-594.4047281567150,-457.10403978025600,-640.171624282201
1.5917917917917900,-503.9801086481610,-593.1663488515690,-459.386988668462,-637.759469075277
1.591891891891890,-505.0897322347370,-591.9275234718320,-461.6708365551870,-635.346419029377
1.591991991991990,-506.1998074268640,-590.6882521947780,-463.95558498190500,-632.9324745177330
1.5920920920920900,-507.3103342441290,-589.4485349635120,-466.2412340064790,-630.5176354452450
1.5921921921921900,-508.4213119095010,-588.2083715414220,-468.5277820935400,-628.1019013573830
1.5922922922922900,-509.532741052668,-586.967761871462,-470.81523052115700,-625.6852721587450
1.5923923923923900,-510.64462194713600,-585.7267061313510,-473.10357985502900,-623.2677482234580
1.5924924924924900,-511.75695465108800,-584.4852037370810,-475.3928302302040,-620.8493284021920
1.5925925925925900,-512.869738949528,-583.2432542556730,-477.6829812353980,-618.4300118476890
1.5926926926926900,-513.9829750961010,-582.0008582508880,-479.97403339657500,-616.00979970615
1.592792792792790,-515.0966631588920,-580.75801586157,-482.26598686860900,-613.5886922739660
1.592892892892890,-516.2108019948610,-579.5147273385610,-484.5588393841040,-611.1666900715040
1.5929929929929900,-517.3253925705910,-578.2709919219480,-486.85259289491300,-608.7437915976260
1.593093093093090,-518.4404362491610,-577.0268084557040,-489.14725014589,-606.3199945589750
1.5931931931931900,-519.5559311640750,-575.7821786467620,-491.44280742273200,-603.8953023881050
1.5932932932932900,-520.671877221777,-574.5371025513000,-493.7392645570160,-601.4697152160610
1.5933933933933900,-521.7882763668060,-573.2915781874070,-496.036625456505,-599.0432290977080
1.5934934934934900,-522.9051273434730,-572.0456068956770,-498.3348876285180,-596.6158467329270
1.5935935935935900,-524.0224291202770,-570.7991894256710,-500.6340490287460,-594.1875696395340
1.5936936936936900,-525.1401835096990,-569.5523236827910,-502.93411330084000,-591.7583936470230
1.5937937937937900,-526.2583910299550,-568.305009845368,-505.2350814999170,-589.3283191307420
1.593893893893890,-527.3770500580810,-567.0572497437520,-507.5369503987430,-586.8973497700860
1.593993993993990,-528.4961607449120,-565.8090417217110,-509.8397203176780,-584.4654822712770
1.5940940940940900,-529.6157240775780,-564.5603853663240,-512.1433932496710,-582.0327158271630
1.5941941941941900,-530.7357396359970,-563.3112821614980,-514.4479683732470,-579.5990534242480
1.5942942942942900,-531.8562070816350,-562.0617311848050,-516.7534450300320,-577.1644932363720
1.5943943943943900,-532.9771274223230,-560.8117316358110,-519.0598252543760,-574.7290336813530
1.5944944944944900,-534.0985001053020,-559.5612843969970,-521.367107959455,-572.2926765428440
1.5945945945945900,-535.220324189919,-558.3103902493300,-523.6752912826550,-569.8554234014760
1.5946946946946900,-536.3426016432250,-557.059046821041,-525.9843791767580,-567.4172695323900
1.594794794794800,-537.465331902238,-555.8072545152290,-528.2943705345040,-564.978215760486
1.5948948948948900,-538.5885138119320,-554.5550153067980,-530.6052630645170,-562.5382660542500
1.594994994995000,-539.7121483700980,-553.3023275481390,-532.9170587810770,-560.09741713716
1.595095095095100,-540.8362352583960,-552.0491913977740,-535.2297570661930,-557.65566934495
1.5951951951952000,-541.9607754548210,-550.7956065753710,-537.5433598945450,-555.2130221356460
1.5952952952953000,-543.0857688963330,-549.5415724940630,-539.8578671587420,-552.7694743542030
1.5953953953954000,-544.2112133550040,-548.2870912217590,-542.1732744216260,-550.3250301551360
1.5954954954955000,-545.33711075833,-547.0321611612340,-544.489585556878,-547.8796863626860
1.5955955955956000,-546.4634626059110,-545.7767805303520,-546.8068035823800,-545.433439431261
1.5956956956957000,-547.5902665366450,-544.5209517754430,-549.1249237946230,-542.9862942722190
1.5957957957958000,-548.7175222211460,-543.2646756790120,-551.4439455535240,-540.5382524692570
1.595895895895900,-549.8452312509150,-542.0079499991030,-553.7638720607740,-538.0893095571490
1.5959959959960000,-550.9733939206530,-540.7507739130230,-556.0847039244680,-535.6394639092080
1.5960960960961000,-552.1020095538510,-539.4931490410270,-558.4064398102810,-533.1887187846340
1.5961961961962000,-553.2310775657840,-538.2350755624590,-560.7290785674460,-530.7370745607970
1.5962962962963000,-554.3605983733520,-536.9765529004380,-563.0526210484610,-528.2845301026330
1.5963963963964000,-555.490572853627,-535.7175806312910,-565.377069026161,-525.8310845814880
1.5964964964965000,-556.6210004424100,-534.4581585455670,-567.702421390832,-523.3767375971450
1.5965965965966000,-557.7518806874550,-533.1982874262850,-570.0286772566730,-520.9214907343350
1.596696696696700,-558.8832143639980,-531.9379665835300,-572.3558381928470,-518.4653426319130
1.5967967967968000,-560.0150012756220,-530.6771961764370,-574.6839038252150,-516.0082936268440
1.596896896896900,-561.1472419217320,-529.4159755454280,-577.0128751712670,-513.5503424186610
1.596996996997000,-562.2799358704770,-528.1543047166180,-579.3427513860040,-511.09148907828700
1.5970970970971000,-563.4130821984770,-526.8921853127360,-581.673530641347,-508.6317368698650
1.5971971971972000,-564.5466825104260,-525.6296152004480,-584.0052161653800,-506.1710815454220
1.5972972972973000,-565.6807366099100,-524.3665946617980,-586.3378075839650,-503.7095236877430
1.5973973973974000,-566.8152433275040,-523.1031251972970,-588.6713025769410,-501.24706631652800
1.5974974974975000,-567.9502036340490,-521.8392046927880,-591.0057031046800,-498.7837052221570
1.5975975975976000,-569.0856179675130,-520.5748334102240,-593.3410100618050,-496.3194409472270
1.5976976976977000,-570.221485895507,-519.3100124820570,-595.6772226022320,-493.8542757753320
1.597797797797800,-571.3578075394320,-518.0447408892560,-598.0143409874520,-491.3882076870990
1.597897897897900,-572.4945825994800,-516.779018648272,-600.35236463654,-488.9212367341250
1.5979979979980000,-573.6318106325430,-515.5128464107350,-602.6912926819720,-486.4533642383560
1.598098098098100,-574.7694925077290,-514.2462233929180,-605.0311268806560,-483.98458865103300
1.5981981981982000,-575.9076292380950,-512.9791490364810,-607.3718692773920,-481.514908874162
1.5982982982983000,-577.0462196628230,-511.71162409604100,-609.713517569237,-479.0443264356730
1.5983983983984000,-578.1852635546580,-510.44364814626100,-612.0560713203670,-476.57284050357400
1.5984984984985000,-579.3247610952290,-509.175221460222,-614.3995309127330,-474.10045164271800
1.5985985985986000,-580.4647119737150,-507.90634443437500,-616.7438957433850,-471.62716066470500
1.5986986986987000,-581.6051176462450,-506.6370155752940,-619.0891687432680,-469.1529646013660
1.5987987987988000,-582.7459775563900,-505.36723503273700,-621.4353488182160,-466.6778637709110
1.598898898898900,-583.8872903050630,-504.0970042914690,-623.7824331887460,-464.2018611615580
1.598998998999000,-585.0290582307320,-502.826321591219,-626.1304265504880,-461.7249532714630
1.5990990990991000,-586.1712803776590,-501.5551873579340,-628.479327010653,-459.24714097120300
1.5991991991992000,-587.3139554694410,-500.28360221497600,-630.8291320351260,-456.76842552619600
1.5992992992993000,-588.4570858647720,-499.01156475122300,-633.1798463599810,-454.28880413288300
1.5993993993994000,-589.6006703614110,-497.73907588527500,-635.5314675994250,-451.80827864715200
1.5994994994995000,-590.7447084016880,-496.46613564502400,-637.883994656815,-449.32684914348900
1.5995995995996000,-591.8892010094610,-495.1927440776750,-640.2374295985570,-446.84451573498700
1.5996996996997000,-593.0341485650200,-493.91889953362800,-642.5917732039200,-444.36127514113600
1.5997997997998,-594.1795501403280,-492.6446029034700,-644.9470236355160,-441.8771291618010