,len_prop,100,200,300,400,500,600,700
0,200.0,0.0052927470719079,0.0098263660003272,0.0155792558604259,0.0213975547354775,0.0269482379355615,0.0337794270263976,0.043632085881809
1,202.0,0.0054350284851899,0.0100355548037343,0.0158587472357822,0.0217365715978644,0.0273301857568983,0.0342051861901581,0.0441250139660175
2,204.0,0.0055801930606397,0.0102482192070444,0.0161422176630597,0.0220799197209419,0.0277166148568154,0.0346354832992294,0.0446226187430746
3,206.0,0.0057282776896435,0.010464396563261,0.0164297041005386,0.0224276350586208,0.0281075596785857,0.0350703510642846,0.0451249312542348
4,208.0,0.0058793193996343,0.0106841243037184,0.0167212434799097,0.022779753439912,0.0285030545693251,0.0355098222503562,0.0456319827718196
5,210.0,0.0060333553485089,0.0109074399242073,0.0170168726904516,0.0231363105759852,0.0289031338223792,0.0359539297274334,0.0461438048054967
6,212.0,0.0061904228186135,0.0111343809717997,0.0173166285685033,0.0234973420759174,0.0293078317233779,0.0364027065133194,0.0466604290890529
7,214.0,0.0063505592104489,0.0113649850329449,0.0176205478926409,0.0238628834698315,0.0297171825963397,0.0368561858046594,0.0471818875486111
8,216.0,0.0065138020363053,0.011599289723716,0.0179286673850682,0.0242329702378545,0.0301312208464262,0.0373144009936836,0.0477082122538732
9,218.0,0.0066801889140787,0.0118373326823756,0.0182410237185458,0.0246076378427431,0.0305499809960462,0.0377773856697323,0.0482394353551985
10,220.0,0.0068497575615803,0.0120791515650143,0.0185576535287686,0.0249869217631366,0.0309734977112856,0.038245173604074,0.0487755890114757
11,222.0,0.0070225457913898,0.0123247840440581,0.018878593430712,0.0253708575258365,0.0314018058169874,0.0387177987195852,0.0493167053123995
12,224.0,0.0071985915065343,0.012574267809814,0.0192038800379379,0.0257594807337064,0.0318349402982084,0.0391952950464678,0.0498628162011756
13,226.0,0.0073779326970083,0.0128276405746274,0.0195335499831111,0.0261528270874446,0.0322729362881739,0.0396776966668725,0.050413953402881
14,228.0,0.0075606074373193,0.0130849400793119,0.0198676399382542,0.0265509323991152,0.0327158290433626,0.0401650376524809,0.0509701483627512
15,230.0,0.0077466538848598,0.0133462041011566,0.0202061866329864,0.0269538325963552,0.0331636539060865,0.0406573519980625,0.0515314321995064
16,232.0,0.007936110279163,0.0136114704626634,0.0205492268690974,0.0273615637165055,0.0336164462581829,0.0411546735570179,0.0520978356760014
17,234.0,0.008129014941782,0.0138807770403303,0.0208967975303358,0.027774161890586,0.0340742414676462,0.0416570359813028,0.0526693891904748
18,236.0,0.0083254062767414,0.0141541617724686,0.0212489355862007,0.028191663318106,0.0345370748322516,0.0421644726719085,0.0532461227874701
19,238.0,0.0085253227711356,0.0144316626655068,0.0216056780894885,0.0286141042340227,0.0350049815237156,0.0426770167415607,0.0538280661893728
20,240.0,0.008728802995752,0.0147133177976931,0.0219670621669123,0.0290415208697684,0.0354779965361378,0.0431947009931714,0.0544152488446244
21,242.0,0.0089358856053459,0.0149991653201066,0.0223331250037578,0.0294739494110899,0.0359561546422066,0.0437175579153175,0.0550076999908722
22,244.0,0.0091466093384611,0.0152892434542387,0.0227039038227758,0.0299114259550014,0.0364394903601752,0.0442456196949247,0.0556054487271593
23,246.0,0.0093610130163948,0.0155835904862835,0.0230794358588705,0.0303539864690094,0.0369280379336722,0.0447789182461405,0.056208524090642
24,248.0,0.0095791355412163,0.0158822447580692,0.0234597583308127,0.0308016667549909,0.0374218313261496,0.0453174852539738,0.0568169551325474
25,250.0,0.0098010158928341,0.0161852446552503,0.0238449084120737,0.0312545024205647,0.0379209042297654,0.0458613522286602,0.0574307709870421
26,252.0,0.010026693124826,0.0164926285929115,0.024234923202053,0.0317125288591851,0.0384252900884511,0.0464105505673847,0.0580500009283825
27,254.0,0.0102562063593619,0.0168044349998018,0.0246298397001451,0.0321757812411524,0.0389350221333306,0.0469651116192292,0.0586746744121659
28,256.0,0.0104895947810888,0.0171207023016491,0.0250296947837483,0.0326442945150126,0.0394501334279724,0.0475250667473512,0.0593048210968379
29,258.0,0.0107268976303098,0.0174414689047648,0.0254345251919663,0.0331181034201986,0.0399706569201617,0.0480904473854254,0.0599404708441952
30,260.0,0.0109681541955849,0.0177667731806903,0.0258443675157731,0.0335972425095384,0.0404966254964322,0.0486612850825268,0.0605816536976902
31,262.0,0.0112134038062118,0.0180966534529422,0.0262592581954282,0.0340817461794348,0.0410280720353202,0.0492376115343948,0.06122839984053
32,264.0,0.011462685824646,0.0184311479864703,0.026679233525099,0.0345716487065839,0.0415650294553519,0.0498194585969397,0.0618807395353274
33,266.0,0.0117160396393741,0.0187702949803989,0.0271043296641366,0.0350669842874784,0.042107530754134,0.0504068582823355,0.062538703049576
34,268.0,0.0119735046583511,0.0191141325644302,0.0275345826542922,0.0355677870783216,0.0426556090352924,0.0509998427360239,0.0632023205716408
35,270.0,0.0122351203034641,0.0194626987990074,0.0279700284413863,0.0360740912319954,0.0432092975214261,0.0515984441970446,0.0638716221230728
36,272.0,0.0125009260059449,0.0198160316789909,0.0284107028997459,0.0365859309295893,0.0437686295512037,0.0522026949431968,0.06454663747295
37,274.0,0.0127709612030535,0.0201741691404992,0.0288566418575809,0.0371033404035728,0.0443336385607939,0.0528126272250769,0.065227396060304
38,276.0,0.0130452653358763,0.0205371490702581,0.0293078811212933,0.0376263539507483,0.0449043580504543,0.0534282731928612,0.0659139269299152
39,278.0,0.0133238778484525,0.0209050093164638,0.0297644564965812,0.0381550059340759,0.0454808215381253,0.0540496648214829,0.0666062586856684
40,280.0,0.0136068381877526,0.0212777877003834,0.0302264038048358,0.038689330772331,0.0460630625030363,0.0546768338378395,0.0673044194651199
41,282.0,0.0138941858045507,0.0216555220274661,0.0306937588931367,0.039229362918182,0.0466511143228716,0.0553098116566939,0.06800843693669
42,284.0,0.0141859601547427,0.0220382500971309,0.0311665576370299,0.0397751368261006,0.0472450102087271,0.0559486293280619,0.068718338320047
43,286.0,0.0144822007010006,0.0224260097102527,0.0316448359356234,0.0403266869115608,0.047844783142078,0.0565933175011871,0.0694341504283904
44,288.0,0.014782946914122,0.0228188386731825,0.0321286296983711,0.040884047504372,0.0484504658179547,0.0572439064057773,0.070155899728617
45,290.0,0.0150882382740575,0.0232167747984313,0.0326179748251968,0.0414472527989204,0.0490620905987081,0.0579004258542876,0.0708836124169113
46,292.0,0.0153981142699927,0.023619855901024,0.0331129071800909,0.042016336804949,0.0496796894803733,0.0585629052622676,0.0716173145028293
47,294.0,0.0157126143995483,0.0240281197907653,0.0336134625601301,0.0425913333015729,0.0503032940753991,0.0592313736878743,0.0723570318965433
48,296.0,0.0160317781665928,0.0244416042607363,0.0341196766618632,0.0431722757980437,0.0509329356117675,0.0599058598860508,0.0731027904930493
49,298.0,0.0163556450777723,0.0248603470723761,0.0346315850470685,0.0437591975035731,0.0515686449491022,0.0605863923743991,0.07385461624703
50,300.0,0.0166842546376571,0.0252843859379821,0.0351492231099267,0.0443521313085203,0.0522104526105212,0.0612729995055461,0.074612535232638
51,302.0,0.0170176463425385,0.0257137585015488,0.0356726260479813,0.0449511097781696,0.052858388827934,0.0619657095413868,0.0753765736840594
52,304.0,0.0173558596732374,0.026148502319087,0.0362018288384593,0.0455561651588849,0.0535124835975731,0.0626645507230624,0.0761467580131872
53,306.0,0.0176989340869184,0.0265886548396266,0.0367368662219232,0.0461673293972441,0.0541727667417833,0.0633695513321002,0.0769231148034489
54,308.0,0.0180469090084032,0.0270342533877809,0.0372777726935981,0.0467846341696193,0.0548392679723962,0.0640807397376922,0.0777056707787093
55,310.0,0.0183998238212851,0.0274853351492419,0.0378245825036602,0.047408110921125,0.0555120169517174,0.0647981444270149,0.0784944527502639
56,312.0,0.0187577178593239,0.027941937159703,0.0383773296656768,0.0480377909098197,0.056191043345261,0.0655217940151959,0.0792894875441286
57,314.0,0.0191206303983115,0.0284040962980621,0.0389360479729537,0.0486737052543781,0.0568763768641242,0.0662517172350394,0.0800908019140813
58,316.0,0.0194886006488938,0.0288718492840148,0.0395007710212268,0.0493158849805062,0.0575680472915733,0.0669879429051712,0.0808984224457375
59,318.0,0.0198616677506287,0.0293452326802895,0.0400715322362408,0.0499643610631369,0.0582660844935561,0.0677304998802807,0.0817123754585572
60,320.0,0.0202398707674349,0.0298242828989923,0.0406483649039908,0.0506191644613405,0.0589705184105854,0.0684794169850132,0.0825326869122163
61,322.0,0.0206232486845535,0.0303090362115296,0.0412313022011792,0.051280326142744,0.0596813790317965,0.0692347229366697,0.0833593823235598
62,324.0,0.0210118404069806,0.0307995287612637,0.0418203772238076,0.0519478770956332,0.0603986963525949,0.0699964462613401,0.08419248670029
63,326.0,0.0214056847594301,0.0312957965776942,0.0424156230113412,0.0526218483277302,0.0611225003180185,0.0707646152095101,0.0850320244955463
64,328.0,0.021804820487448,0.0317978755913002,0.0430170725649497,0.0533022708509357,0.0618528207561542,0.0715392576765599,0.0858780195873043
65,330.0,0.0222092862593912,0.0323058016472456,0.0436247588574988,0.0539891756530738,0.0625896873053626,0.072320401133725,0.0867304952829476
66,332.0,0.0226191206691136,0.032819610517277,0.044238714835146,0.0546825936578831,0.0633331293399698,0.0731080725738244,0.0875894743500863
67,334.0,0.0230343622386254,0.0333393379084016,0.0448589734093063,0.0553825556763249,0.0640831759005792,0.0739022984765862,0.0884549790703459
68,336.0,0.0234550494205686,0.0338650194674763,0.0454855674397326,0.0560890923515479,0.0648398556319629,0.0747031047946374,0.0893270313131759
69,338.0,0.0238812206000618,0.0343966907812336,0.0461185297091928,0.0568022341016654,0.0656031967347156,0.0755105169625822,0.0902056526239564
70,340.0,0.0243129140953415,0.0349343873714142,0.0467578928916958,0.0575220110636882,0.0663732269320946,0.0763245599269538,0.0910908643209501
71,342.0,0.024750168157141,0.0354781446848649,0.0474036895154232,0.0582484530429567,0.0671499734560736,0.077145258196748,0.0919826875930935
72,344.0,0.0251930209663699,0.0360279980793349,0.0480559519235985,0.0589815894706316,0.0679334630523099,0.0779726359094248,0.092881143592812
73,346.0,0.025641510630328,0.0365839828052301,0.0487147122348781,0.0597214493728529,0.0687237220044542,0.0788067169089779,0.0937862535161093
74,348.0,0.0260956751769293,0.0371461339847346,0.049380002306518,0.0604680613534472,0.0695207761755935,0.0796475248294263,0.0946980386646389
75,350.0,0.0265555525476174,0.0377144865894134,0.0500518537025638,0.0612214535908284,0.0703246510643085,0.0804950831786228,0.0956165204851509
76,352.0,0.0270211805889114,0.0382890754173137,0.0507302976687676,0.0619816538502711,0.0711353718718519,0.0813494154164413,0.0965417205825825
77,354.0,0.0274925970429717,0.0388699350711537,0.0514153651161371,0.0627486895098967,0.0719529635735511,0.082210545019783,0.0974736607055395
78,356.0,0.0279698395375071,0.0394570999391702,0.0521070866144734,0.0635225875986539,0.0727774509923624,0.0830784955323986,0.098412362705778
79,358.0,0.0284529455756682,0.0400506041792799,0.0528054923956586,0.0643033748437094,0.0736088588667455,0.0839532905934433,0.0993578484725329
80,360.0,0.0289419525263962,0.0406504817080515,0.0535106123670416,0.0650910777243513,0.0744472119097614,0.0848349539435093,0.100310139847581
81,362.0,0.0294368976153545,0.0412567661942795,0.0542224761329554,0.0658857225267688,0.0752925348524239,0.0857235094063716,0.1012692585244492
82,364.0,0.0299378179172647,0.0418694910584863,0.0549411130239147,0.0666873353979987,0.0761448524710598,0.0866189808483509,0.1022352259410765
83,366.0,0.0304447503497716,0.0424886894774195,0.055666552130429,0.0674959423934624,0.0770041895940411,0.0875213921175043,0.1032080631710155
84,368.0,0.0309577316690852,0.0431143943936945,0.056398822339618,0.0683115695149297,0.0778705710881898,0.0884307669651841,0.1041877908223509
85,370.0,0.0314767984672887,0.0437466385289814,0.057137952370818,0.0691342427363073,0.0787440218243081,0.089347128957233,0.1051744289492796
86,372.0,0.0320019871718955,0.0443854544006465,0.0578839708091579,0.069963988014418,0.0796245666255491,0.0902705013793582,0.1061679969850371
87,374.0,0.0325333340466956,0.0450308743395467,0.0586369061325578,0.0708008312840171,0.0805122301998481,0.0912009071429025,0.1071685136982876
88,376.0,0.0330708751943637,0.0456829305082641,0.0593967867316872,0.0716447984373994,0.0814070370627176,0.0921383686988927,0.1081759971780707
89,378.0,0.033614646559788,0.0463416549179349,0.0601636409201356,0.0724959152889532,0.0823090114535747,0.0930829079640811,0.1091904648475009
90,380.0,0.0341646839342605,0.0470070794420655,0.0609374969340139,0.0733542075271478,0.0832181772532975,0.0940345462665179,0.1102119335051047
91,382.0,0.0347210229596439,0.0476792358270216,0.0617183829214549,0.0742197006573819,0.0841345579065094,0.0949933043123958,0.1112404193927546
92,384.0,0.0352836991319078,0.0483581556965211,0.0625063269203473,0.075092419937829,0.0850581763558349,0.0959592021776574,0.1122759382818492
93,386.0,0.0358527478040101,0.0490438705514513,0.0633013568282606,0.0759723903148221,0.0859890549907698,0.0969322593252824,0.1133185055763334
94,388.0,0.0364282041873467,0.0497364117634708,0.0641035003643156,0.0768596363601332,0.0869272156164601,0.0979124946455499,0.1143681364219466
95,390.0,0.0370101033512144,0.0504358105627795,0.0649127850261459,0.0777541822157625,0.0878726794433651,0.0988999265183166,0.115424845815184
96,392.0,0.0375984802208905,0.0511420980209151,0.0657292380446075,0.0786560515483205,0.0888254670996357,0.0998945728924807,0.1164886487042439
97,394.0,0.0381933695728666,0.0518553050293349,0.0665528863393632,0.0795652675180917,0.0897855986634721,0.1008964513756939,0.1175595600746255
98,396.0,0.0387948060287658,0.0525754622749286,0.0673837564777647,0.0804818527637092,0.0907530937160528,0.1019055793303589,0.1186375950128259
99,398.0,0.0394028240471711,0.0533026002138754,0.0682218746400314,0.0814058294034157,0.0917279714087318,0.1029219739669867,0.1197227687431797
100,400.0,0.0400174579139106,0.0540367490457226,0.0690672665933989,0.0823372190533707,0.0927102505420693,0.1039456524298512,0.1208150966360807
101,402.0,0.0406387417312712,0.0547779386890512,0.0699199576762561,0.0832760428619088,0.093699949648295,0.1049766318671523,0.1219145941848777
102,404.0,0.0412667094066843,0.0555261987604291,0.0707799727940889,0.0842223215561623,0.0946970870745717,0.1060149294815563,0.1230212769544661
103,406.0,0.0419013946415656,0.0562815585573957,0.0716473364262281,0.0851760754991615,0.0957016810589207,0.1070605625571721,0.1241351605023791
104,408.0,0.0425428309202153,0.0570440470477511,0.072522072644762,0.08613732475253,0.0967137497933359,0.1081135484601412,0.125256260280645
105,410.0,0.043191051500391,0.0578136928639097,0.0734042051420512,0.0871060891406586,0.0977333114705768,0.1091739046128434,0.1263845915216006
106,412.0,0.0438460894050561,0.0585905243045359,0.0742937572667426,0.0880823883114218,0.0987603843103564,0.1102416484433697,0.1275201691182428
107,414.0,0.0445079774161377,0.0593745693418282,0.0751907520644338,0.0890662417889946,0.0997949865618162,0.111316797311781,0.1286630075051149
108,416.0,0.0451767480705165,0.0601658556347218,0.0760952123209057,0.0900576690152458,0.1008371364839329,0.1123993684205823,0.1298131205497995
109,418.0,0.0458524336582834,0.0609644105459169,0.0770071606035533,0.0910566893760954,0.1018868523022911,0.1134893787131327,0.1309705214600832
110,420.0,0.0465350662231717,0.0617702611626674,0.0779266192994184,0.0920633222110151,0.1029441521467117,0.1145868447676541,0.1321352227161745
111,422.0,0.0472246775648454,0.0625834343187383,0.0788536106458343,0.0930775868039747,0.1040090539731457,0.1156917826945202,0.1333072360304051
112,424.0,0.0479212992429796,0.0634039566163318,0.0797881567516095,0.0940995023573051,0.1050815754746248,0.1168042080423661,0.1344865723385897
113,426.0,0.0486249625824652,0.0642318544459302,0.0807302796073578,0.0951290879483441,0.1061617339873975,0.1179241357217048,0.1356732418235834
114,428.0,0.0493356986790905,0.0650671540028413,0.0816800010832028,0.0961663624732356,0.1072495463988936,0.1190515799489481,0.1368672539689338
115,430.0,0.0500535384056055,0.0659098812983865,0.0826373429141017,0.0972113445800721,0.1083450290638834,0.120186554216782,0.1380686176395485
116,432.0,0.0507785124164395,0.0667600621656223,0.0836023266738749,0.0982640525973724,0.1094481977336046,0.1213290712923652,0.139277341183994
117,434.0,0.0515106511518194,0.0676177222581006,0.0845749737387484,0.0993245044598981,0.1105590675039453,0.1224791432425856,0.1404934325509964
118,436.0,0.0522499848399766,0.0684828870419803,0.0855553052429585,0.1003927176403428,0.1116776527857321,0.1236367814869099,0.1417168994116948
119,438.0,0.0529965434972017,0.0693555817814016,0.086543342029584,0.1014687090888465,0.1128039672993118,0.1248019968715016,0.1429477492802666
120,440.0,0.0537503569256879,0.0702358315183161,0.0875391045990731,0.1025524951856916,0.1139380240944663,0.1259747997621268,0.1441859896225861
121,442.0,0.0545114547087572,0.0711236610471509,0.0885426130592526,0.1036440917100324,0.1150798355929116,0.127155200147914,0.145431627946424
122,444.0,0.0552798662037503,0.0720190948870081,0.0895538870805479,0.1047435138271856,0.1162294136519906,0.128343207748246,0.1466846718664512
123,446.0,0.0560556205331549,0.0729221572517918,0.0905729458587052,0.1058507760946869,0.1173867696450836,0.1295388321172902,0.1479451291388146
124,448.0,0.0568387465734024,0.0738328720211065,0.0915998080878254,0.1069658924878626,0.1185519145516722,0.1307420827358963,0.149213007662532
125,450.0,0.0576292729429894,0.0747512627133893,0.0926344919458816,0.1080888764422242,0.1197248590524099,0.1319529690868633,0.1504883154476938
126,452.0,0.0584272279900505,0.0756773524629964,0.0936770150929749,0.109219740910302,0.1209056136218787,0.1331715007066311,0.1517710605516534
127,454.0,0.0592326397794973,0.0766111640025647,0.0947273946827687,0.1103584984280815,0.1220941886120945,0.1343976872090502,0.1530612509871889
128,456.0,0.0600455360814457,0.0775527196520691,0.0957856473867236,0.1115051611880459,0.123290594320838,0.13563153828056,0.1543588946099254
129,458.0,0.060865944360986,0.0785020413152918,0.0968517894289038,0.1126597411117862,0.1244948410402273,0.1368730636458547,0.1556639989912558
130,460.0,0.0616938917695125,0.0794591504831284,0.0979258366287513,0.1138222499181433,0.1257069390813055,0.1381222730061206,0.1569765712856311
131,462.0,0.0625294051387346,0.0804240682445215,0.0990078044491971,0.1149926991816914,0.1269268987731228,0.1393791759538023,0.1582966181016651
132,464.0,0.0633725109770838,0.0813968153029441,0.1000977080464952,0.1161711003769655,0.1281547304351501,0.1406437818694104,0.1596241453859228
133,466.0,0.0642232354688681,0.0823774119985771,0.1011955623184885,0.1173574649057991,0.1293904443250844,0.1419160998078836,0.1609591583275813
134,468.0,0.0650816044762068,0.0833658783328167,0.1023013819466198,0.118551804104179,0.1306340505656571,0.1431961383814367,0.1623016612893697
135,470.0,0.0659476435425892,0.0843622339949464,0.103415181430161,0.11975412922961,0.131885559055082,0.1444839056473146,0.1636516577719639
136,472.0,0.0668213778992079,0.085366498388,0.1045369751092854,0.1209644514277828,0.1331449793658964,0.1457794090079598,0.16500915041296
137,474.0,0.0677028324716189,0.0863786906519221,0.105666777174264,0.1221827816823102,0.1344123206407218,0.1470826551304845,0.1663741410202662
138,476.0,0.0685920318876854,0.0873988296823639,0.1068046016615875,0.1234091307487261,0.1356875914911093,0.1483936498920244,0.167746630639287
139,478.0,0.0694890004850816,0.0884269341437054,0.1079504624355277,0.1246435090786702,0.1369707999071339,0.1497123983531611,0.1691266196482144
140,480.0,0.0703937623179541,0.0894630224750332,0.1091043731572215,0.1258859267388958,0.1382619531820012,0.1510389047630283,0.1705141078756111
141,482.0,0.0713063411623308,0.0905071128881603,0.1102663472416274,0.1271363933298869,0.1395610578601744,0.1523731725953015,0.1719090947308588
142,484.0,0.0722267605191282,0.0915592233582159,0.1114363978073725,0.1283949179102265,0.1408681197095991,0.1537152046117335,0.1733115793408298
143,486.0,0.0731550436146424,0.0926193716061952,0.1126145376201155,0.1296615089324058,0.1421831437223879,0.15506500295134,0.1747215606801874
144,488.0,0.0740912133985933,0.0936875750756787,0.1138007790354574,0.1309361741927265,0.1435061341420448,0.1564225692360066,0.1761390376889011
145,490.0,0.0750352925390029,0.0947638509040208,0.1149951339436962,0.1322189208009175,0.1448370945173173,0.1577879046881096,0.177564009366475
146,492.0,0.075987303414741,0.0958482158907133,0.1161976137212437,0.1335097551706812,0.1461760277782862,0.1591610102504498,0.1789964748380015
147,494.0,0.0769472681049469,0.096940686463556,0.1174082291904254,0.1348086830308691,0.1475229363283138,0.1605418866993968,0.1804364333843566
148,496.0,0.0779152083775476,0.0980412786469168,0.1186269905928482,0.1361157094591778,0.1488778221482694,0.1619305347457261,0.1818838844378877
149,498.0,0.0788911456754721,0.0991500080316881,0.1198539075753478,0.1374308389329482,0.150240686902402,0.1633269551125871,0.1833388275394394
150,500.0,0.0798751011030606,0.100266889751036,0.1210889891919599,0.1387540753965636,0.1516115320414674,0.1647311485881246,0.184801262262726
151,502.0,0.0808670954122948,0.1013919384621189,0.1223322439201747,0.1400854223383971,0.152990358893946,0.1661431160462068,0.1862711881087923
152,504.0,0.0818671489903651,0.102525168335976,0.1235836796915304,0.1414248828737296,0.1543771687391142,0.1675628584353392,0.1877486043791239
153,506.0,0.0828752818486538,0.1036665930548575,0.1248433039328622,0.142772459826698,0.155771962857002,0.1689903767350902,0.1892335100339478
154,508.0,0.0838915136136104,0.1048162258187336,0.1261111236171834,0.1441281558056874,0.1571747425515809,0.1704256718820845,0.1907259035478076
155,510.0,0.0849158635217511,0.1059740793597128,0.1273871453197382,0.1454919732671654,0.1585855091447229,0.1718687446733895,0.1922257827712129
156,512.0,0.0859483504163108,0.107140165962446,0.1286713752743321,0.1468639145630503,0.1600042639411902,0.1733195956494935,0.1937331448066606
157,514.0,0.0869889927474415,0.1083144974912269,0.129963819428377,0.1482439819678316,0.1614310081664424,0.1747782249677109,0.1952479859110442
158,516.0,0.088037808575627,0.1094970854189252,0.1312644834891086,0.1496321776839856,0.1628657428827753,0.1762446322746053,0.1967703014265473
159,518.0,0.0890948155773293,0.1106879408587752,0.1325733729622344,0.151028503823992,0.1643084688865545,0.1777188165834023,0.198300085751118
160,520.0,0.0901600310530636,0.111887074593794,0.1338904931749869,0.1524329623704105,0.1657591865961635,0.1792007761695179,0.1998373323440994
161,522.0,0.0912334719365009,0.1130944971038079,0.1352158492857835,0.1538455551169649,0.1672178959370538,0.1806905084866502,0.2013820337720962
162,524.0,0.0923151548038861,0.1143102185869527,0.1365494462779417,0.1552662835940702,0.1686845962313732,0.1821880101125338,0.2029341817899958
163,526.0,0.0934050958842845,0.1155342489734823,0.1378912889367066,0.1566951489826478,0.1701592861002947,0.1836932767276508,0.2044937674505181
164,528.0,0.0945033110674705,0.1167665979329726,0.1392413818134669,0.1581321520243138,0.1716419633862749,0.1852063031274408,0.2060607812381545
165,530.0,0.0956098159109166,0.1180072748711208,0.1405997291763315,0.1595772929320042,0.1731326251003048,0.1867270832689888,0.2076352132142898
166,532.0,0.0967246256436967,0.1192562889183219,0.1419663349528196,0.1610305713077883,0.1746312673975049,0.188255610348025,0.2092170531667902
167,534.0,0.0978477551679437,0.1205136489104573,0.1433412026674603,0.1624919860745599,0.1761378855828819,0.1897918769003996,0.2108062907522962
168,536.0,0.0989792190568373,0.1217793633610677,0.1447243353774334,0.1639615354243429,0.1776524741493428,0.1913358749243413,0.2124029156199189
169,538.0,0.1001190315490616,0.1230534404299699,0.1461157356129,0.165439216788617,0.1791750268412985,0.1928875960102281,0.2140069175105865
170,540.0,0.1012672065407137,0.1243358878867686,0.1475154053239964,0.1669250268324831,0.1807055367434364,0.1944470314730921,0.2156182863218654
171,542.0,0.1024237575740864,0.1256267130740391,0.1489233458390797,0.1684189614721024,0.1822439963870346,0.196014172476755,0.2172370121352644
172,544.0,0.1035886978247239,0.1269259228718322,0.150339557837244,0.1699210159159861,0.1837903978660344,0.1975890101405433,0.2188630852033444
173,546.0,0.1047620400867922,0.1282335236655929,0.15176404133647,0.1714311847262907,0.1853447329554564,0.1991715356214721,0.2204964958968232
174,548.0,0.1059437967574339,0.1295495213204343,0.1531967956992332,0.1729494618956761,0.1869069932243083,0.2007617401665845,0.2221372346160626
175,550.0,0.1071339798230186,0.1308739211619839,0.1546378196535029,0.1744758409357931,0.1884771701345813,0.2023596151302351,0.2237852916706606
176,552.0,0.1083326008451659,0.1322067279669353,0.1560871113298475,0.176010314970577,0.1900552551187939,0.2039651519560844,0.2254406571378515
177,554.0,0.1095396709489147,0.1335479459630422,0.1575446683111227,0.1775528768265932,0.1916412396308203,0.2055783421234457,0.2271033207081168
178,556.0,0.1107552008149666,0.1348975788375831,0.1590104876902293,0.1791035191170572,0.1932351151675231,0.2071991770619411,0.2287732715271992
179,558.0,0.1119792006731945,0.136255629756126,0.1604845661346868,0.1806622343099933,0.1948368732567412,0.2088276480411105,0.2304504980489233
180,560.0,0.1132116803015074,0.1376221013873264,0.1619668999502043,0.182229014778665,0.1964465054143425,0.2104637460402923,0.23213498790486
181,562.0,0.1144526490267995,0.1389969959345707,0.1634574851416187,0.183803852828991,0.1980640030724287,0.2121074616097177,0.2338267278036381
182,564.0,0.1157021157299478,0.1403803151705801,0.164956317465118,0.1853867407015801,0.1996893574829652,0.2137587847310809,0.2355257034647935
183,566.0,0.116960088853856,0.1417720604734119,0.1664633924685041,0.1869776705492593,0.2013225596033099,0.2154177046865166,0.2372318995926789
184,568.0,0.1182265764130709,0.143172232860468,0.1679787055169965,0.1885766343902615,0.2029635999718863,0.2170842099484095,0.2389452998930556
185,570.0,0.1195015860055672,0.1445808330191459,0.1695022518015612,0.1901836240401737,0.2046124685825181,0.2187582880932588,0.2406658871302116
186,572.0,0.1207851248248274,0.1459978613303636,0.171034026329503,0.1917986310275517,0.2062691547652343,0.2204399257486576,0.2423936432215999
187,574.0,0.1220771996711658,0.1474233178848763,0.172574023898342,0.1934216464994066,0.2079336470823833,0.2221291085772111,0.2441285493643675
188,576.0,0.1233778169626995,0.1488572024896744,0.1741222390533959,0.1950526611204625,0.2096059332480884,0.223825821297626,0.2458705861837625
189,578.0,0.1246869827426152,0.150299514665022,0.175678666033083,0.1966916649769371,0.2112860000751998,0.2255300477420148,0.2476197338948412
190,580.0,0.1260047026854076,0.1517502536303932,0.1772432987035717,0.1983386474881792,0.2129738334539613,0.2272417709457988,0.2493759724638562
191,582.0,0.1273309820980397,0.1532094182827924,0.1788161304901901,0.1999935973333374,0.2146694183664397,0.228960973264811,0.2511392817618701
192,584.0,0.1286658259184616,0.1546770071656595,0.1803971543067127,0.201656502399149,0.2163727389318619,0.2306876365112324,0.2529096416955147
193,586.0,0.1300092387101862,0.1561530184329544,0.1819863624903763,0.2033273497519302,0.2180837784831133,0.2324217420976887,0.254687032309336
194,588.0,0.1313612246531039,0.1576374498097817,0.1835837467455752,0.2050061256345022,0.219802519668432,0.2341632711819937,0.2564714338506948
195,590.0,0.1327217875314224,0.1591302985508899,0.1851892980996173,0.206692815491632,0.2215289445710142,0.2359122048012754,0.2582628267913655
196,592.0,0.1340909307196236,0.1606315614027602,0.1868030068761502,0.2083874040185678,0.2232630348382458,0.2376685239846708,0.2600611918077949
197,594.0,0.1354686571663645,0.1621412345686066,0.1884248626843711,0.2100898752326602,0.2250047718125333,0.23943220984009,0.2618665097157201
198,596.0,0.1368549693786163,0.1636593136814399,0.1900548544291075,0.2118002125620546,0.2267541366542289,0.2412032436046435,0.263678761369005
199,598.0,0.1382498694055924,0.1651857937847811,0.191692970337215,0.2135183989437306,0.2285111104470619,0.2429816066584414,0.2654979275244476
200,600.0,0.139653358824455,0.1667206693238079,0.1933391980016047,0.2152444169282713,0.2302756742804411,0.2447672804991401,0.2673239886854646
201,602.0,0.1410654387287615,0.1682639341474601,0.1949935244387774,0.2169782487793524,0.2320478093017594,0.2465602466773094,0.2691569249338794
202,604.0,0.1424861097194741,0.1698155815203451,0.1966559361548182,0.2187198765643199,0.2338274967343201,0.2483604867003067,0.2709967157600765
203,606.0,0.1439153719004101,0.1713756041451966,0.1983264192176659,0.2204692822285456,0.2356147178599487,0.2501679819068752,0.2728433399060874
204,608.0,0.1453532248763952,0.1729439941925896,0.2000049593286629,0.2222264476480239,0.2374094539677202,0.2519827133244634,0.2746967752302017
205,610.0,0.1467996677572176,0.174520743337657,0.2016915418899227,0.223991354655515,0.2392116862716479,0.2538046615176938,0.2765569986044461
206,612.0,0.1482546991636572,0.1761058427999733,0.2033861520607481,0.2257639850412098,0.2410213958018171,0.2556338064365247,0.278423985849849
207,614.0,0.1497183172373872,0.1776992833839421,0.2050887748014695,0.2275443205235152,0.242838563277756,0.2574701272792706,0.2802977117170752
208,616.0,0.1511905196536288,0.1793010555181845,0.2067993949003794,0.2293323426955739,0.244663168972633,0.2593136023747011,0.2821781499127503
209,618.0,0.1526713036347628,0.180911149288659,0.2085179969806351,0.2311280329482225,0.2464951925762293,0.2611642090951833,0.284065273168586
210,620.0,0.1541606659650671,0.1825295544656335,0.2102445654886878,0.2329313723756642,0.2483346130670588,0.2630219238062898,0.2859590533515144
211,622.0,0.1556586030046441,0.1841562605214604,0.2119790846637425,0.2347423416707254,0.2501814086030896,0.264886721855243,0.2878594616061453
212,624.0,0.1571651107009973,0.1857912566366342,0.213721538488918,0.2365609210164374,0.2520355564381792,0.2667585776016543,0.2897664685183466
213,626.0,0.1586801845998985,0.1874345316964381,0.2154719106304727,0.2383870899800025,0.2538970328698127,0.2686374644863708,0.2916800442925928
214,628.0,0.1602038198511262,0.1890860742748193,0.2172301843653654,0.240220827419436,0.2557658132215285,0.2705233551350056,0.2936001589263018
215,630.0,0.1617360112110551,0.1907458726093397,0.218996342505247,0.2420621114065733,0.2576418718650381,0.2724162214897852,0.2955267823729299
216,632.0,0.1632767530413868,0.1924139145676989,0.2207703673209075,0.2439109191737474,0.2595251822754635,0.2743160349603357,0.2974598846810646
217,634.0,0.1648260393030623,0.1940901876066702,0.2225522404703878,0.2457672270868232,0.2614157171194668,0.2762227665814981,0.2993994360973173
218,636.0,0.1663838635471849,0.1957746787293235,0.2243419429408203,0.2476310106475509,0.2633134483709543,0.2781363871709843,0.3013454071318238
219,638.0,0.1679502189014443,0.1974673744400053,0.2261394550015979,0.2495022445252383,0.2652183474437028,0.2800568674715546,0.3032977685737507
220,640.0,0.1695250980549857,0.1991682607031196,0.2279447561782243,0.2513809026143919,0.2671303853342586,0.2819841782714662,0.3052564914627207
221,642.0,0.1711084932417382,0.2008773229057002,0.2297578252440186,0.2532669581167415,0.2690495327647841,0.2839182904932723,0.3072215470121477
222,644.0,0.1727003962223419,0.2025945458289409,0.2315786402337558,0.2551603836401294,0.2709757603154779,0.2858591752432824,0.3091929064935449
223,646.0,0.1743007982677167,0.2043199136295673,0.2334071784771814,0.2570611513094295,0.2729090385373487,0.2878068038207078,0.3111705410881044
224,648.0,0.1759096901444593,0.2060534098313274,0.235243416649014,0.2589692328798196,0.274849338038039,0.2897611476843597,0.313154421714209
225,650.0,0.177527062101794,0.2077950173295132,0.237087330834658,0.2608845998467685,0.2767966295342441,0.2917221783769823,0.3151445188457276
226,652.0,0.1791529038640233,0.2095447184063534,0.2389388966050222,0.2628072235438057,0.2787508838674033,0.2936898674171317,0.3171408023310909
227,654.0,0.1807872046252023,0.2113024947576285,0.2407980890968826,0.2647370752207767,0.2807120719793683,0.2956641861597622,0.3191432412275321
228,656.0,0.182429953049753,0.2130683275275608,0.2426648830920315,0.2666741260991733,0.2826801648530216,0.297645105640385,0.3211518036606369
229,658.0,0.1840811372765647,0.2148421973499125,0.2445392530894774,0.2686183473986017,0.284655133418188,0.2996325964104951,0.3231664567188447
230,660.0,0.1857407449279246,0.2166240843940404,0.2464211733691778,0.2705697103320299,0.2866369484312118,0.3016266283752283,0.3251871663945336
231,662.0,0.1874087631215493,0.2184139684099982,0.2483106180368836,0.2725281860730142,0.2886255803357081,0.3036271706482871,0.327213897569187
232,664.0,0.1890851784851406,0.2202118287720893,0.2502075610521661,0.2744937456933991,0.2906209991145681,0.3056341914291439,0.3292466140501299
233,666.0,0.1907699771729469,0.2220176445164268,0.2521119762353998,0.2764663600770475,0.2926231741427566,0.3076476579150226,0.3312852786541493
234,668.0,0.1924631448830873,0.2238313943692362,0.2540238372518402,0.2784459998163129,0.2946320740510744,0.3096675362530922,0.3333298533310869
235,670.0,0.194164666872788,0.2256530567671242,0.2559431175771772,0.2804326350976123,0.2966476666109375,0.3116937915350338,0.3353802993231397
236,672.0,0.1958745279739779,0.2274826098628194,0.2578697904426822,0.2824262355824222,0.2986699186489435,0.3137263878373693,0.3374365773443281
237,674.0,0.1975927126034755,0.2293200315208322,0.2598038287672262,0.284426770295565,0.3006987959951519,0.3157652883020232,0.3394986477720328
238,676.0,0.199319204771648,0.2311652992993906,0.2617452050783776,0.2864342075242207,0.3027342634711567,0.317810455254168,0.3415664708347621
239,678.0,0.2010539880848783,0.2330183904225124,0.2636938914297253,0.2884485147384065,0.3047762849186201,0.3198618503490909,0.3436400067851203
240,680.0,0.2027970457445853,0.234879281742509,0.2656498593178233,0.2904696585370706,0.306824823265098,0.3219194347367157,0.3457192160434087
241,682.0,0.2045483605416235,0.2367479496954558,0.2676130796072247,0.2924976046229279,0.3088798406256397,0.323983169234744,0.3478040593048696
242,684.0,0.2063079148452191,0.2386243702543364,0.2695835224675816,0.2945323178094867,0.3109412984303082,0.3260530144967912,0.3498944976015679
243,686.0,0.2080756905897638,0.2405085188800775,0.2715611573259537,0.2965737620599663,0.3130091575715364,0.3281289311644909,0.3519904923128899
244,688.0,0.2098516692582103,0.242400370477481,0.2735459528409898,0.2986219005537683,0.3150833785604459,0.3302108799937716,0.3540920051273093
245,690.0,0.2116358318637679,0.2442998993552482,0.2755378768970155,0.3006766957800869,0.3171639216808161,0.3322988219450928,0.3561989979537855
246,692.0,0.2134281589308044,0.2462070791972537,0.2775368966230066,0.3027381096460366,0.3192507471305555,0.3343927182325238,0.358311432792798
247,694.0,0.2152286304783223,0.2481218830420584,0.2795429784302485,0.3048061036014066,0.321343815142377,0.3364925303265405,0.3604292715712033
248,696.0,0.2170372260029184,0.250044283277942,0.2815560880721598,0.3068806387589298,0.323443086072431,0.3385982199128569,0.3625524759578058
249,698.0,0.2188539244675125,0.2519742516482649,0.2835761907163751,0.3089616760165516,0.3255485204519734,0.340709748806465,0.3646810071661148
250,700.0,0.2206787042926182,0.2539117592701515,0.2856032510278954,0.3110491761599621,0.3276600790003851,0.3428270788288397,0.3668148257623766
251,702.0,0.2225115433516828,0.2558567766674268,0.2876372332598068,0.3131430999461788,0.3297777225952146,0.3449501716581349,0.3689538914936971
252,704.0,0.2243524189735139,0.2578092738071727,0.289678101335324,0.3152434081609938,0.3319014122007077,0.3470789886555333,0.3710981631381672
253,706.0,0.2262013079480733,0.2597692201499017,0.2917258189325198,0.3173500616439447,0.3340311087653138,0.3492134906920191,0.3732475984057171
254,708.0,0.2280581865356479,0.2617365846983795,0.2937803495470822,0.3194630212803733,0.3361667730881567,0.3513536379743389,0.3754021538763746
255,710.0,0.2299230304841818,0.263711336048327,0.2958416565423174,0.3215822479627772,0.3383083656668739,0.3534993898910098,0.3775617849956099
256,712.0,0.2317958150433122,0.2656934424371811,0.2979097031783035,0.3237077025195398,0.3404558465387664,0.3556507048870995,0.3797264461219977
257,714.0,0.2336765149859118,0.2676828717836595,0.299984452615684,0.3258393456208618,0.342609175121503,0.3578075403749048,0.381896090622347
258,716.0,0.2355651046257364,0.2696795917206758,0.302065867898682,0.3279771376655804,0.3447683100715925,0.3599698526880132,0.3840706710126719
259,718.0,0.237461557837496,0.271683569615305,0.3041539119146409,0.330121038654568,0.3469332091622086,0.362137597085055,0.3862501391323803
260,720.0,0.2393658480723085,0.2736947725748129,0.3062485473328546,0.3322710080653401,0.3491038291950542,0.364310727796701,0.3884344463390438
261,722.0,0.2412779483704133,0.275713167441943,0.3083497365309525,0.3344270047312513,0.3512801259522441,0.3664891981210998,0.3906235437155937
262,724.0,0.2431978313712815,0.2777387207737772,0.3104574415075964,0.3365889867353145,0.3534620541885169,0.3686729605549731,0.392817382269082
263,726.0,0.2451254693161045,0.279771398811646,0.3125716237939054,0.3387569113284635,0.3556495676667505,0.3708619669539682,0.3950159131134783
264,728.0,0.2470608340480018,0.2818111674394371,0.3146922443637302,0.3409307348733848,0.3578426192361814,0.3730561687148906,0.3972190876183064
265,730.0,0.2490038970049785,0.2838579921346867,0.3168192635544877,0.3431104128236141,0.3600411609450501,0.3752555169592918,0.3994268575177504
266,732.0,0.2509546292095213,0.2859118379194076,0.3189526410013276,0.3452958997350111,0.3622451441814524,0.3774599627139427,0.40163917497037
267,734.0,0.2529130012536207,0.2879726693051962,0.3210923355867026,0.3474871493109679,0.3644545198367786,0.3796694570728202,0.4038559925616753
268,736.0,0.254878983280543,0.2900404502476563,0.3232383054168394,0.3496841144801007,0.3666692384712329,0.381883951326745,0.4060772632577688
269,738.0,0.2568525449664981,0.2921151441043996,0.325390507817711,0.3518867474984322,0.3688892504819717,0.3841033970567221,0.4083029403034374
270,740.0,0.2588336555005909,0.2941967136037213,0.3275488993591232,0.3540950000709657,0.3711145062537107,0.3863277461806944,0.4105329770798842
271,742.0,0.2608222835651917,0.2962851208263064,0.3297134358988327,0.3563088234841693,0.3733449562832101,0.3885569509499145,0.4127673269247026
272,744.0,0.2628183973213065,0.2983803271997928,0.3318840726479658,0.3585281687400462,0.3755805512730204,0.3907909638998623,0.4150059429313753
273,746.0,0.2648219643942069,0.3004822935070492,0.3340607642535284,0.3607529866844146,0.3778212421825884,0.3930297377521672,0.4172487777412796
274,748.0,0.2668329518666142,0.3025909799102459,0.3362434648897331,0.3629832281176171,0.3800669802352011,0.395273225280146,0.419495783340577
275,750.0,0.2688513262750371,0.3047063459843184,0.3384321283538054,0.365218843881617,0.3823177168838803,0.3975213791443841,0.4217469108777676
276,752.0,0.2708770536115289,0.3068283507634693,0.34062670816035,0.3674597849193608,0.3845734037288381,0.3997741517067037,0.4240021105151155
277,754.0,0.2729100993325728,0.3089569527928172,0.3428271576271189,0.369706002297113,0.3868339924042249,0.4020314948436054,0.4262613313240258
278,756.0,0.2749504283713556,0.3110921101836721,0.3450334299454876,0.3719574471961685,0.3890994344321532,0.4042933597626515,0.4285245212310487
279,758.0,0.2769980051535639,0.3132337806704184,0.3472454782311277,0.3742140708625689,0.3913696810587977,0.4065596968430503,0.4307916270189587
280,760.0,0.2790527936186318,0.3153819216619032,0.3494632555549535,0.3764758245330466,0.393644683082378,0.4088304555033479,0.4330625943869181
281,762.0,0.2811147572407161,0.3175364902859641,0.3516867149448287,0.3787426593291561,0.3959243906866465,0.4111055841148633,0.4353373680585614
282,764.0,0.283183859050702,0.3196974434235458,0.3539158093639782,0.3810145261322952,0.3982087532885529,0.4133850299576381,0.4376158919369414
283,766.0,0.2852600616564789,0.3218647377294978,0.3561504916672166,0.3832913754521783,0.4004977194131268,0.4156687392314656,0.4398981092959431
284,768.0,0.2873433272627256,0.3240383296410264,0.3583907145331532,0.3855731572890517,0.4027912366045887,0.4179566571131709,0.4421839629904326
285,770.0,0.2894336176839227,0.32621817536845,0.3606364303833734,0.3878598210059505,0.4050892513779313,0.4202487278657677,0.4444733956767583
286,772.0,0.2915308943558358,0.3284042308748199,0.3628875912890807,0.3901513152192765,0.4073917092184678,0.422544894979933,0.4467663500240677
287,774.0,0.2936351183395657,0.3305964518407962,0.3651441488736716,0.3924475877113468,0.4096985546245602,0.424845101354137,0.4490627689035517
288,776.0,0.2957462503199595,0.3327947936191836,0.3674060542200671,0.3947485853767446,0.4120097311968329,0.4271492894863657,0.4513625955445544
289,778.0,0.2978642506003612,0.3349992111841448,0.3696732577842659,0.397054254203466,0.4143251817630844,0.4294574016732676,0.4536657736421408
290,780.0,0.299989079090417,0.3372096590749806,0.3719457093275576,0.3993645392876127,0.4166448485330224,0.4317693802023994,0.4559722474142375
291,782.0,0.3021206952907014,0.3394260913401422,0.3742233578656309,0.4016793848892464,0.4189686732742721,0.4340851675198553,0.4582819615982314
292,784.0,0.3042590582725667,0.3416484614880636,0.376506151645339,0.4039987345174389,0.4212965974918838,0.4364047063660981,0.4605948613938489
293,786.0,0.3064041266596766,0.3438767224417892,0.3787940381442311,0.4063225310425863,0.4236285626055137,0.4387279398701567,0.4629108923491754
294,788.0,0.3085558586058298,0.346110826508632,0.3810869640970635,0.4086507168310092,0.4259645101098435,0.4410548115931094,0.4652300002021167
295,790.0,0.3107142117750344,0.3483507253609119,0.3833848755501033,0.4109832338858793,0.4283043817054955,0.4433852655193233,0.467552130689754
296,792.0,0.3128791433258448,0.3505963700317944,0.3856877179304808,0.4133200239935375,0.4306481193928533,0.4457192459977455,0.4698772293300122
297,794.0,0.3150506098977846,0.3528477109274299,0.3879954361387191,0.4156610288583155,0.432995665523979,0.4480566976321473,0.4722052412030761
298,796.0,0.3172285676026299,0.3551046978523246,0.3903079746468966,0.4180061902194483,0.435346962805752,0.4503975651357436,0.4745361107367981
299,798.0,0.3194129720239497,0.3573672800503356,0.392625277604232,0.4203554499434669,0.437701954255975,0.4527417931489583,0.4768697815188739
300,800.0,0.3216037782181881,0.3596354062530875,0.3949472889374794,0.4227087500839967,0.4400605831140236,0.4550893260455018,0.4792061961439992
301,802.0,0.3238009407265361,0.3619090247390164,0.3972739524413708,0.4250660329017277,0.4424227927145128,0.4574401077311342,0.4815452961088234
302,804.0,0.3260044135882251,0.3641880833937416,0.399605211854767,0.4274272408515526,0.4447885263299912,0.459794081450989,0.483887021763906
303,806.0,0.3282141503590325,0.366472529770439,0.4019410109142298,0.4297923165290601,0.4471577269948436,0.4621511896232366,0.4862313123238688
304,808.0,0.3304301041362662,0.3687623111469222,0.4042812933815144,0.4321612025838667,0.4495303373211981,0.4645113737051386,0.4885781059348748
305,810.0,0.3326522275794377,0.3710573745721054,0.4066260030474791,0.4345338416073626,0.4519062993244828,0.4668745741037377,0.4909273398003215
306,812.0,0.3348804729376502,0.3733576669034523,0.4089750837047998,0.4369101759982489,0.454285554261971,0.4692407301395415,0.493278950348894
307,814.0,0.3371147920706747,0.3756631348302751,0.4113284791007278,0.4392901478187934,0.4566680425042675,0.4716097800611743,0.4956328734430588
308,816.0,0.3393551364708815,0.3779737248765463,0.4136861328605474,0.4416736986515558,0.4590537034459165,0.4739816611163963,0.4979890446012207
309,818.0,0.3416014572787711,0.3802893833976867,0.4160479884024612,0.4440607694626287,0.4614424754584201,0.4763563096698774,0.5003473992346017
310,820.0,0.3438537052936522,0.382610056552268,0.4184139888357333,0.4464513004877998,0.4638342958959361,0.478733661362522,0.5027078728673839
311,822.0,0.3461118309799441,0.3849356902652322,0.4207840768572081,0.4488452311437817,0.4662291011465908,0.4811136513035007,0.5050704013344369
312,824.0,0.3483757844659253,0.3872662301805645,0.4231581946528843,0.4512424999731678,0.4686268267309104,0.4834962142761289,0.5074349209413304
313,826.0,0.3506455155361874,0.3896016216034065,0.4255362838068517,0.4536430446284679,0.4710274074409427,0.4858812849501342,0.5098013685716621
314,828.0,0.3529209736210259,0.3919418094424718,0.4279182852310719,0.4560468018938167,0.4734307775075755,0.4882687980834662,0.5121696817409
315,830.0,0.3552021077775608,0.3942867381500078,0.4303041391140537,0.4584537077473879,0.4758368707885666,0.490658688698116,0.5145397985858482
316,832.0,0.3574888666728368,0.3966363516675979,0.4326937848965859,0.4608636974549073,0.4782456209614949,0.4930508922193386,0.5169116577951631
317,834.0,0.3597811985580628,0.3989905933825414,0.4350871612770533,0.4632767056946017,0.480656961711469,0.4954453445707437,0.5192851984854641
318,836.0,0.3620790512501176,0.4013494060930357,0.4374842062414642,0.4656926666998241,0.4830708268976401,0.4978419822135386,0.5216603600274681
319,838.0,0.3643823721093638,0.4037127319913423,0.4398848571229385,0.4681115144123398,0.4854871506912953,0.5002407421332963,0.5240370818398704
320,840.0,0.366691108021717,0.4060805126607785,0.4422890506813548,0.4705331826384463,0.4879058676702398,0.502641561769834,0.526415303160299
321,842.0,0.3690052053873065,0.4084526890892001,0.4446967232001887,0.4729576051884924,0.4903269128698505,0.5050443788974548,0.5287949628112002
322,844.0,0.3713246101104755,0.4108292017003157,0.4471078105963059,0.4753847160042034,0.4927502217819198,0.5074491314660157,0.5311759989789543
323,846.0,0.373649267600064,0.4132099903965854,0.4495222485295739,0.4778144492512532,0.4951757303010081,0.5098557574052102,0.5335583490164025
324,848.0,0.3759791227734411,0.4155949946151424,0.4519399725137608,0.480246739378966,0.4976033746286664,0.5122641944194859,0.5359419492909316
325,850.0,0.3783141200668188,0.4179841533889191,0.4543609180091029,0.4826815211421706,0.5000330911339586,0.5146743797735756,0.5383267350772837
326,852.0,0.3806542034536256,0.420377405414986,0.4567850205044072,0.4851187295806163,0.5024648161837034,0.5170862500923867,0.5407126405168615
327,854.0,0.3829993164640382,0.422774689118561,0.4592122155709891,0.4875582999592042,0.5048984859558027,0.519499741187905,0.5430995986344064
328,856.0,0.3853494022111398,0.4251759427128293,0.4616424388911899,0.490000167675302,0.5073340362443651,0.5219147879226324,0.5454875414183956
329,858.0,0.3877044034183605,0.4275811042511982,0.4640756262595614,0.4924442681339918,0.5097714022741225,0.5243313241209016,0.5478763999592676
330,860.0,0.3900642624425211,0.4299901116649666,0.4665117135533403,0.4948905366067958,0.512210518534919,0.5267492825375079,0.5502661046337396
331,862.0,0.3924289213045213,0.4324029027858668,0.4689506366761825,0.497338908078534,0.514651318647535,0.5291685948790057,0.5526565853245127
332,864.0,0.3947983217077705,0.4348194153543041,0.4713923314812755,0.4997893170924424,0.5170937352742611,0.5315891918856466,0.5550477716625756
333,866.0,0.3971724050566645,0.4372395870069852,0.4738367336735178,0.5022416976113935,0.5195377000753839,0.534011003461501,0.5574395932705206
334,868.0,0.3995511124701304,0.4396633552524045,0.4762837787053153,0.5046959828967016,0.5219831437190844,0.5364339588467755,0.5598319799975527
335,870.0,0.4019343847855127,0.4420906574279598,0.4787334016634544,0.507152105417054,0.5244299959417611,0.5388579868248721,0.5622248621203343
336,872.0,0.4043221625597825,0.4445214306494257,0.4811855371680642,0.5096099967960722,0.5268781856587709,0.5412830159398825,0.5646181705094278
337,874.0,0.4067143860604013,0.4469556117489195,0.4836401192746841,0.5120695877969162,0.5293276411124095,0.5437089747229316,0.5670118367331212
338,876.0,0.4091109952540528,0.4493931372137577,0.4860970814030435,0.5145308083520823,0.5317782900558812,0.5461357919016308,0.5694057931084374
339,878.0,0.4115119297881581,0.4518339431225941,0.4885563562846842,0.5169935876311773,0.5342300599504319,0.5485633965824769,0.5717999726824465
340,880.0,0.4139171289688586,0.4542779650895667,0.4910178759399068,0.5194578541445106,0.5366828781711733,0.5509917183951623,0.5741943091521594
341,882.0,0.4163265317399869,0.4567251382162623,0.4934815716860279,0.5219235358784402,0.5391366722055095,0.5534206875858829,0.576588736727822
342,884.0,0.4187400766575758,0.4591753970593022,0.4959473741733146,0.5243905604474355,0.5415913698253978,0.5558502350531368,0.5789831899462217
343,886.0,0.4211577018700924,0.4616286756115507,0.4984152134484114,0.5268588552590477,0.5440468992303853,0.5582802923282426,0.5813776034485699
344,888.0,0.4235793451007308,0.4640849073005723,0.500885019043468,0.5293283476761043,0.5465031891439686,0.5607107914942614,0.5837719117403688
345,890.0,0.4260049436314203,0.4665440250070885,0.5033567200795154,0.5317989651670462,0.5489601688616553,0.5631416650584675,0.586166048944863
346,892.0,0.4284344342982856,0.4690059610965776,0.5058302453843081,0.5342706354359661,0.5514177682441238,0.5655728457741442,0.5885599485735841
347,894.0,0.4308677534884348,0.4714706474690897,0.5083055236093728,0.5367432865183815,0.5538759176588378,0.5680042664401597,0.5909535433234099
348,896.0,0.433304837147913,0.4739380156187873,0.5107824833461855,0.5392168468428309,0.5563345478709226,0.5704358596772705,0.5933467649216206
349,898.0,0.435745620792265,0.4764079967003799,0.5132610532263266,0.5416912452485062,0.5587935898947682,0.5728675577052404,0.5957395440228116
350,900.0,0.4381900395272378,0.4788805216019331,0.5157411620029704,0.5441664109596203,0.5612529748130269,0.5752992921360083,0.5981318101698074
351,902.0,0.4406380280712499,0.4813555210143395,0.5182227386110305,0.5466422735227079,0.5637126335757503,0.5777309937923487,0.6005234918236265
352,904.0,0.4430895207821034,0.4838329254932704,0.5207057121910644,0.5491187626997132,0.566172496797836,0.5801625925707204,0.6029145164507804
353,906.0,0.4455444516874342,0.4863126655169585,0.5231900120910677,0.551595808340174,0.568632494563713,0.5825940173536083,0.6053048106780387
354,908.0,0.4480027545134496,0.4887946715219779,0.525675567831611,0.5540733402265856,0.571092556255217,0.5850251959822864,0.6076943004892346
355,910.0,0.4504643627106487,0.4912788739305045,0.5281623090448675,0.556551287912692,0.5735526104159443,0.5874560552866128,0.6100829114600889
356,912.0,0.452929209481534,0.493765203154057,0.5306501653913422,0.5590295805635606,0.5760125846589343,0.5898865211767239,0.6124705690136798
357,914.0,0.455397227795466,0.4962535895836533,0.5331390664559861,0.5615081468077285,0.5784724056284744,0.5923165187850497,0.6148571986762138
358,916.0,0.4578683504048327,0.498743963558916,0.5356289416353357,0.5639869146120607,0.5809319990147855,0.5947459726535245,0.6172427263186907
359,918.0,0.4603425098502493,0.5012362553244487,0.5381197200222797,0.5664658111912051,0.5833912896230198,0.5971748069505342,0.619627078368374
360,920.0,0.4628196384589381,0.503730394974235,0.5406113302935498,0.568944762952482,0.5858502014941659,0.5996029457042813,0.6220101819708268
361,922.0,0.4652996683391492,0.5062263123874796,0.543103700614576,0.5714236954868264,0.5883086580663374,0.602030313038975,0.6243919650991133
362,924.0,0.4677825313639237,0.5087239371605987,0.5455967585604329,0.5739025336035772,0.590766582368049,0.6044568333924759,0.626772356594508
363,926.0,0.4702681591545613,0.5112231985432762,0.5480904310663116,0.5763812014019134,0.5932238972300036,0.6068824317049816,0.6291512861429528
364,928.0,0.4727564830560955,0.5137240253767799,0.5505846444050202,0.5788596223905873,0.5956805255005905,0.6093070335661726,0.6315286841832237
365,930.0,0.4752474341147809,0.5162263460484654,0.5530793241977997,0.5813377196254214,0.598136390252783,0.6117305653059681,0.6339044817573556
366,932.0,0.4777409430527396,0.5187300884532113,0.5555743954553036,0.5838154158769362,0.6005914149648168,0.6141529540291926,0.6362786103104203
367,934.0,0.4802369402463958,0.5212351799786801,0.5580697826471501,0.5862926338013186,0.6030455236641489,0.6165741275861868,0.6386510014551886
368,936.0,0.4827353557059352,0.5237415475053944,0.560565409798481,0.588769296112461,0.6054986410265712,0.6189940144833521,0.6410215867200388
369,938.0,0.4852361190640644,0.5262491174243434,0.5630612005995173,0.5912453257395925,0.6079506924217182,0.6214125437439187,0.643390297290259
370,940.0,0.4877391595672158,0.5287578156769716,0.5655570785320873,0.5937206459603419,0.6104016038993411,0.6238296447179632,0.6457570637722326
371,942.0,0.4902444060757086,0.5312675678046125,0.5680529669936065,0.5961951804997931,0.6128513021243907,0.6262452468687258,0.6481218159853828
372,944.0,0.4927517870699991,0.5337782990151707,0.5705487894169018,0.5986688535915383,0.6152997142586277,0.6286592795378672,0.650484482803901
373,946.0,0.4952612306665695,0.536289934254766,0.5730444693778289,0.6011415899928402,0.6177467677993249,0.6310716717126086,0.6528449920587066
374,948.0,0.4977726646363884,0.5388023982827114,0.5755399306784174,0.603613314954694,0.6201923903886171,0.6334823518106832,0.6552032705027829
375,950.0,0.500286016432458,0.5413156157472377,0.5780350974068051,0.6060839541499502,0.6226365096009486,0.6358912474952239,0.657559243848571
376,952.0,0.5028012132184684,0.5438295112509595,0.5805298939642165,0.6085534335617213,0.6250790527318798,0.6382982855343389,0.6599128368703974
377,954.0,0.505318181899358,0.5463440094090293,0.5830242450594793,0.611021679343898,0.6275199465926059,0.6407033917177134,0.6622639735672332
378,956.0,0.5078368491544353,0.5488590348900393,0.5855180756736124,0.6134886176589749,0.6299591173334519,0.6431064908310308,0.664612577376784
379,958.0,0.5103571414646988,0.5513745124396405,0.5880113109931014,0.6159541745071871,0.6323964903057826,0.6455075066968471,0.6669585714233376
380,960.0,0.5128789851402012,0.5538903668885783,0.5905038763194448,0.6184182755593058,0.6348319899701034,0.6479063622738461,0.6693018787849806
381,962.0,0.5154023063395562,0.5564065231348885,0.5929956969583691,0.6208808460029654,0.6372655398595276,0.6503029798122264,0.6716424227592672
382,964.0,0.5179270310839016,0.5589229061160198,0.5954866981028202,0.623341810413783,0.6396970626018271,0.6526972810529251,0.6739801271158022
383,966.0,0.520453085263604,0.5614394407593717,0.5979768047091086,0.6258010926630599,0.6421264799972883,0.655089187456019,0.6763149163092286
384,968.0,0.5229803946365122,0.5639560519222504,0.6004659413810983,0.6282586158650273,0.6445537131473713,0.6574786204491652,0.6786467156449045
385,970.0,0.5255088848212546,0.5664726643255121,0.6029540322705403,0.6307143023694829,0.6469786826308033,0.6598655016699749,0.6809754513848884
386,972.0,0.5280384812817889,0.5689892024819336,0.6054410009972091,0.6331680738017333,0.6494013087046272,0.6622497531938718,0.6833010507843256
387,974.0,0.5305691093066396,0.5715055906265508,0.607926770596694,0.6356198511447877,0.6518215115301503,0.664631297726871,0.6856234420573255
388,976.0,0.5331006939870465,0.5740217526564022,0.610411263502078,0.638069554862837,0.6542392113979474,0.6670100587545373,0.6879425542767938
389,978.0,0.5356331601892298,0.576537612077961,0.6128944015552514,0.6405171050518381,0.6566543289407984,0.6693859606311195,0.6902583172099269
390,980.0,0.5381664325310159,0.5790530919739432,0.6153761060550292,0.6429624216146351,0.6590667853225985,0.67175892861002,0.6925706611075108
391,982.0,0.5407004353569576,0.5815681149844857,0.6178562978316247,0.6454054244414558,0.6614765023842246,0.6741288888060347,0.694879516454485
392,984.0,0.5432350927199989,0.5840826033101689,0.6203348973486571,0.647846033589607,0.6638834027430999,0.6764957680986984,0.6971848137050641
393,986.0,0.54577032836604,0.5865964787327812,0.6228118248220011,0.650284169445965,0.6662874098326791,0.6788594939767985,0.6994864830166715
394,988.0,0.5483060657276128,0.5891096626570363,0.6252870003501872,0.652719752865404,0.6686884478893984,0.6812199943427205,0.7017844540036977
395,990.0,0.5508422279259721,0.5916220761665713,0.6277603440487068,0.6551527052718624,0.6710864418734769,0.6835771972825662,0.7040786555293869
396,992.0,0.5533787377754437,0.5941336400915491,0.6302317761716811,0.6575829487172399,0.6734813173447131,0.6859310308220605,0.7063690155434447
397,994.0,0.5559155178021477,0.5966442750874401,0.6327012172250116,0.6600104058935383,0.6758730002891764,0.6882814226841634,0.7086554609882514
398,996.0,0.5584524902651182,0.5991539017142116,0.6351685880528137,0.662435000099561,0.6782614169176647,0.6906283000671314,0.7109379177709055
399,998.0,0.5609895771832436,0.6016624405134453,0.6376338098957548,0.6648566551608761,0.6806464934438419,0.692971589455258,0.7132163108074169
400,1000.0,0.5635267003685719,0.6041698120806621,0.6400968044193542,0.6672752953105856,0.6830281558616018,0.6953112164774662,0.7154905641381951
401,1002.0,0.5660637814575953,0.6066759371219766,0.6425574937045903,0.6696908450410742,0.6854063297342267,0.6976471058257123,0.7177606011021582
402,1004.0,0.5686007419466055,0.6091807364991685,0.6450158002090778,0.6721032289337112,0.6877809400133085,0.6999791812360592,0.720026344564684
403,1006.0,0.5711375032216499,0.6116841312529451,0.6474716466944084,0.6745123714784945,0.6901519108957678,0.702307365534498,0.7222877171773229
404,1008.0,0.5736739865847599,0.614186042607097,0.649924956129002,0.6769181969025408,0.6925191657353981,0.70463158074876,0.7245446416560642
405,1010.0,0.5762101132783866,0.6166863919542317,0.6523756515738586,0.6793206290074293,0.6948826270078052,0.7069517482739107,0.7267970410592817
406,1012.0,0.5787458044961449,0.6191851008210217,0.6548236560563435,0.6817195910407436,0.6972422163409981,0.7092677890832975,0.7290448390442973
407,1014.0,0.5812809813910741,0.6216820908158194,0.6572688924408288,0.684115005600426,0.6995978545977161,0.7115796239694556,0.7312879600844526
408,1016.0,0.5838155650766131,0.6241772835674938,0.6597112833107122,0.6865067945830683,0.7019494620173469,0.7138871738028024,0.7335263296374687
409,1018.0,0.5863494766137357,0.6266706006528399,0.6621507508630062,0.6888948791820299,0.7042969584007492,0.7161903597834975,0.7357598742465402
410,1020.0,0.5888826369984328,0.6291619635221546,0.6645872168273389,0.6912791799303442,0.7066402633234469,0.7184891036748218,0.7379885215711431
411,1022.0,0.5914149671397101,0.6316512934264605,0.6670206024136633,0.6936596167925908,0.7089792963711051,0.7207833280024748,0.7402122003444034
412,1024.0,0.5939463878334137,0.6341385113547788,0.6694508282955229,0.6960361092942594,0.7113139773727702,0.7230729562016308,0.7424308402622539
413,1026.0,0.5964768197374363,0.6366235379807651,0.6718778146252037,0.6984085766820245,0.7136442266237868,0.7253579127056056,0.7446443718073065
414,1028.0,0.5990061833428832,0.6391062936265083,0.674301481084326,0.7007769381084051,0.7159699650754741,0.7276381229702978,0.7468527260238152
415,1030.0,0.6015343989515297,0.6415866982465982,0.6767217469653574,0.7031411128180501,0.7182911144880062,0.7299135134303748,0.7490558342574417
416,1032.0,0.6040613866548752,0.6440646714318776,0.6791385312804631,0.7055010203367256,0.7206075975236489,0.7321840113898682,0.7512536278800681
417,1034.0,0.6065870663191238,0.6465401324320494,0.681551752886282,0.7078565806384838,0.7229193377891449,0.7344495448601241,0.7534460380140853
418,1036.0,0.6091113575795737,0.649013000201317,0.6839613306203846,0.7102077142858398,0.7252262598107653,0.7367100423494009,0.7556329952797727
419,1038.0,0.6116341798409309,0.6514831934564628,0.6863671834405835,0.712554342533644,0.7275282889512781,0.7389654326223167,0.7578144295831117
420,1040.0,0.6141554522848102,0.6539506307515028,0.6887692305544015,0.7148963873863252,0.7298253512746885,0.741215644446802,0.7599902699562522
421,1042.0,0.616675093889962,0.656415230558044,0.6911673915320115,0.7172337716065434,0.7321173733635068,0.7434606063420965,0.7621604444636488
422,1044.0,0.6191930234522727,0.6588769113481755,0.6935615863969933,0.7195664186766125,0.7344042821047418,0.7457002463514005,0.7643248801823849
423,1046.0,0.6217091596163178,0.6613355916788249,0.695951735685156,0.7218942527119266,0.7366860044619294,0.7479344918480884,0.7664835032554543
424,1048.0,0.6242234209089468,0.6637911902614738,0.6983377604697482,0.7242171983344349,0.738962467239762,0.7501632693959989,0.7686362390162752
425,1050.0,0.6267357257740424,0.6662436260245236,0.7007195823505429,0.7265351805143623,0.7412335968701691,0.7523865046685483,0.7707830121760161
426,1052.0,0.6292459926068019,0.6686928181589626,0.7030971234104482,0.7288481243931572,0.7434993192249143,0.7546041224347275,0.7729237470633634
427,1054.0,0.6317541397881966,0.6711386861391746,0.705470306137656,0.7311559550965742,0.7457595594719401,0.7568160466150967,0.7750583678960608
428,1056.0,0.6342600857111383,0.6735811497294247,0.7078390533226387,0.7334585975526617,0.7480142419871517,0.7590222004013379,0.777186799069544
429,1058.0,0.6367637488047948,0.6760201289652638,0.7102032879378447,0.7357559763299695,0.750263290324769,0.7612225064319209,0.7793089654433031
430,1060.0,0.6392650475483169,0.6784555441156259,0.7125629330050994,0.7380480155020945,0.7525066272502806,0.7634168870158936,0.7814247926026334
431,1062.0,0.6417639004768704,0.6808873156304615,0.7149179114619485,0.7403346385520819,0.7547441748355456,0.7656052643851845,0.7835342070796122
432,1064.0,0.6442602261828182,0.683315364071453,0.7172681460383356,0.742615768323974,0.7569758546068837,0.7677875609601749,0.7856371365198106
433,1066.0,0.6467539433028285,0.6857396100400609,0.7196135591488397,0.7448913270226917,0.7592015877389997,0.7699636996113509,0.7877335097805572
434,1068.0,0.6492449705026676,0.6881599740959783,0.7219540728089263,0.7471612362621595,0.7614212952820003,0.7721336038996737,0.789823256954262
435,1070.0,0.6517332264565843,0.6905763766837589,0.7242896085849321,0.7494254171660573,0.7636348984029822,0.7742971982761261,0.7919063093188462
436,1072.0,0.6542186298172604,0.6929887380677167,0.726620087576843,0.7516837905015011,0.7658423186289115,0.7764544082299214,0.7939825992144105
437,1074.0,0.6567010991906506,0.6953969782750327,0.7289454304366816,0.7539362768511819,0.7680434780749352,0.7786051603757004,0.7960520598556304
438,1076.0,0.6591805531069898,0.6978010170606532,0.73126555742465,0.7561827968025365,0.7702382996394751,0.7807493824708136,0.7981146250956752
439,1078.0,0.6616569099946256,0.700200773893,0.7335803884962047,0.7584232711439615,0.7724267071543799,0.782887003363266,0.8001702291552616
440,1080.0,0.6641300881609146,0.7025961679550455,0.7358898434137193,0.7606576210584424,0.7746086254837019,0.7850179528756441,0.8022188063344324
441,1082.0,0.666600005775502,0.7049871181737946,0.7381938418805576,0.7628857682949982,0.7767839805548551,0.7871421616300475,0.804260290732138
442,1084.0,0.6690665808652575,0.7073735432656904,0.7404923036827656,0.7651076353131533,0.7789526993325968,0.7892595608262957,0.806294615987682
443,1086.0,0.6715297313143755,0.7097553617994907,0.7427851488315794,0.7673231453854056,0.7811147097268563,0.7913700819943024,0.8083217150645446
444,1088.0,0.6739893748733434,0.7121324922746008,0.7450722976993503,0.7695322226525595,0.7832699404464482,0.7934736567271866,0.8103415200934971
445,1090.0,0.6764454291799046,0.7145048532040393,0.7473536711342915,0.7717347921321196,0.7854183208088602,0.7955702164260671,0.8123539622815693
446,1092.0,0.6788978117806558,0.7168723632034791,0.7496291905528539,0.773930779669662,0.7875597805168921,0.7976596920636914,0.8143589718989628
447,1094.0,0.6813464401635897,0.7192349410752679,0.7518987779986938,0.7761201118487469,0.7896942494171836,0.7997420139911823,0.8163564783412226
448,1096.0,0.6837912317952091,0.72159250588302,0.7541623561651647,0.7783027158560797,0.7918216572642879,0.8018171117964409,0.8183464102632216
449,1098.0,0.6862321041538132,0.7239449770154812,0.7564198483835659,0.7804785193151936,0.7939419334943373,0.8038849142262322,0.820328695779566
450,1100.0,0.688668974767822,0.7262922742307474,0.758671178573548,0.7826474501016327,0.7960550070376087,0.8059453491793377,0.8223032627139994
451,1102.0,0.6911017612514352,0.7286343176789082,0.7609162711598362,0.7848094361494591,0.7981608061736717,0.8079983437685969,0.8242700388813045
452,1104.0,0.6935303813305509,0.7309710279064063,0.7631550509659776,0.7869644052630472,0.8002592584432893,0.8100438244494055,0.8262289523872027
453,1106.0,0.6959547528676608,0.7333023258354043,0.7653874430859786,0.7891122849509107,0.8023502906223291,0.8120817172074313,0.8281799319198997
454,1108.0,0.6983747938771329,0.7356281327238967,0.7676133727468275,0.791253002288591,0.8044338287636181,0.814111947790773,0.8301229070168235
455,1110.0,0.700790422531698,0.7379483701077351,0.769832765170021,0.7933864838229449,0.8065097982957569,0.8161344419720692,0.8320578082873624
456,1112.0,0.7032015571589705,0.7402629597317022,0.7720455454445606,0.7955126555233685,0.8085781241819683,0.8181491258243341,0.8339845675784769
457,1114.0,0.7056081162331131,0.7425718234696577,0.7742516384156524,0.7976314427874116,0.8106387311252343,0.8201559259887522,0.8359031180677753
458,1116.0,0.7080100183559744,0.7448748832429601,0.7764509686005716,0.7997427704944735,0.8126915437998617,0.8221547699179008,0.837813394281016
459,1118.0,0.7104071822335853,0.7471720609438703,0.778643460138431,0.8018465631089893,0.8147364871050323,0.8241455860794105,0.8397153320330721
460,1120.0,0.7127995266476311,0.7494632783659034,0.780829036774356,0.8039427448268796,0.8167734864143961,0.8261283041033749,0.8416088682939035
461,1122.0,0.715186970427521,0.7517484571481676,0.7830076218815732,0.8060312397508977,0.818802467807216,0.8281028548639497,0.8434939409904778
462,1124.0,0.717569432420129,0.7540275187399897,0.7851791385208335,0.8081119720878116,0.8208233582684478,0.8300691704928013,0.8453704887588162
463,1126.0,0.7199468314628448,0.7563003843829997,0.787343509532549,0.8101848663528841,0.822836085839772,0.8320271843193185,0.847238450662592
464,1128.0,0.7223190863633476,0.758566975119393,0.7895006576554614,0.8122498475666665,0.824840579713473,0.8339768307440872,0.8490977658976525
465,1130.0,0.7246861158838019,0.7608272118189892,0.7916505056628791,0.8143068414304432,0.8268367702634245,0.83591804505314,0.8509483735017718
466,1132.0,0.7270478387329838,0.7630810152284427,0.7937929765123118,0.8163557744738635,0.8288245890089758,0.8378507631892806,0.8527902120943256
467,1134.0,0.7294041735692051,0.7653283060392202,0.7959279934922374,0.818396574154533,0.8308039685177864,0.8397749214904703,0.8546232196584362
468,1136.0,0.7317550390103058,0.7675690049662893,0.7980554803596538,0.8204291689146874,0.8327748422493342,0.8416904564178018,0.8564473333838526
469,1138.0,0.7341003536514885,0.7698030328373753,0.8001753614598063,0.8224534881821627,0.8347371443560943,0.8435973042922943,0.8582624895824501
470,1140.0,0.7364400360934451,0.7720303106821045,0.8022875618166028,0.8244694623192906,0.8366908094500334,0.8454954010550628,0.8600686236792638
471,1142.0,0.7387740049737613,0.7742507598208678,0.8043920071931107,0.8264770225249569,0.838635772355294,0.8473846820703368,0.8618656702849022
472,1144.0,0.7411021790038674,0.7764643019407362,0.806488624111616,0.8284761006916633,0.8405719678620434,0.8492650819868747,0.863653563339062
473,1146.0,0.7434244770063558,0.7786708591603855,0.8085773398384939,0.8304666292350339,0.8424993304979905,0.8511365346620897,0.865432236321186
474,1148.0,0.7457408179544965,0.7808703540743495,0.8106580823300475,0.8324485408977627,0.8444177943378756,0.8529989731613266,0.8672016225098291
475,1150.0,0.7480511210061515,0.7830627097759466,0.8127307801451827,0.83442176855153,0.8463272928558111,0.8548523298264529,0.8689616552749644
476,1152.0,0.750355305533648,0.7852478498593026,0.8147953623327346,0.8363862450058833,0.8482277588413804,0.8566965364142995,0.8707122683847305
477,1154.0,0.7526532911472548,0.7874256983972169,0.8168517582983196,0.838341902834443,0.8501191243778442,0.8585315242927435,0.8724533963033635
478,1156.0,0.7549449977120909,0.7895961798973412,0.8188998976606398,0.8402886742389309,0.8520013208860413,0.8603572246818824,0.8741849744603024
479,1158.0,0.7572303453516378,0.7917592192432046,0.8209397101105768,0.8422264909522885,0.8538742792353006,0.8621735689269928,0.8759069394750736
480,1160.0,0.7595092544466733,0.793914741619667,0.8229711252785347,0.8441552841924601,0.8557379299085156,0.8639804887794027,0.8776192293188303
481,1162.0,0.7617816456240882,0.7960626724308462,0.8249940726219085,0.8460749846707355,0.8575922032137319,0.8657779166703273,0.8793217834034579
482,1164.0,0.7640474397376777,0.7982029372152855,0.8270084813397618,0.8479855226504223,0.8594370295268138,0.8675657859588913,0.8810145425917099
483,1166.0,0.7663065578417695,0.8003354615666183,0.8290142803228715,0.8498868280575266,0.8612723395510403,0.869344031135433,0.8826974491291033
484,1168.0,0.7685589211651064,0.8024601710619664,0.831011398139618,0.8517788306313917,0.8630980645720355,0.8711125879666101,0.8843704464998026
485,1170.0,0.7708044510762475,0.8045769912050809,0.8329997630610169,0.8536614601086968,0.8649141366936044,0.8728713935752903,0.8860334792179728
486,1172.0,0.7730430690559016,0.8066858473901546,0.8349793031238445,0.8555346464263442,0.8667204890404855,0.8746203864462658,0.8876864925693919
487,1174.0,0.7752746966684549,0.8087866648859325,0.8369499462277318,0.8573983199302777,0.8685170559063224,0.8763595063579063,0.8893294323210545
488,1176.0,0.7774992555388496,0.8108793688418584,0.838911620257489,0.8592524115779882,0.8703037728482501,0.8780886942483264,0.8909622444168247
489,1178.0,0.7797166673386207,0.8129638843206995,0.8408642532259231,0.8610968531170733,0.8720805767112346,0.8798078920201868,0.8925848746831457
490,1180.0,0.7819268537767314,0.8150401363480518,0.8428077734265326,0.8629315772308267,0.8738474055862436,0.8815170423006478,0.8941972685641977
491,1182.0,0.784129736603156,0.8171080499836938,0.8447421095848542,0.8647565176413563,0.8756041987053651,0.8832160881720492,0.8957993709041642
492,1184.0,0.7863252376187909,0.8191675504035278,0.8466671909980824,0.8665716091607171,0.8773508962773933,0.8849049728938936,0.8973911257917061
493,1186.0,0.7885132786947616,0.8212185629900896,0.8485829476569452,0.8683767876881231,0.8790874392791131,0.8865836396318183,0.8989724764803076
494,1188.0,0.7906937818010793,0.8232610134281622,0.8504893103373686,0.8701719901549884,0.8808137692150635,0.8882520312151432,0.9005433653868788
495,1190.0,0.7928666690398327,0.8252948277909715,0.8523862106582497,0.8719571544191561,0.8825298278619519,0.8899100899402886,0.9021037341708944
496,1192.0,0.7950318626812722,0.827319932620577,0.8542735811001999,0.8737322191156889,0.8842355570169756,0.8915577574314058,0.9036535238879974
497,1194.0,0.7971892852065869,0.8293362549939035,0.8561513549874599,0.8754971234785641,0.8859308982655199,0.8931949745695096,0.9051926752105326
498,1196.0,0.7993388593429426,0.8313437225643124,0.858019466428798,0.8772518071403975,0.8876157927873951,0.8948216814965992,0.9067211286955262
499,1198.0,0.8014805081019959,0.8333422635868108,0.8598778502257288,0.8789962099269792,0.8892901812109552,0.8964378176924409,0.9082388250854606
500,1200.0,0.8036141548097748,0.835331806916697,0.8617264417548879,0.8807302716614662,0.8909540035305256,0.8980433221195162,0.9097457056216544
501,1202.0,0.8057397231292109,0.8373122819844949,0.8635651768291045,0.88245393198902,0.8926071990880178,0.8996381334290686,0.9112417123459244
502,1204.0,0.8078571370770139,0.8392836187521229,0.865393991549873,0.8841671302385932,0.8942497066245346,0.9012221902109584,0.9127267883724376
503,1206.0,0.8099663210277757,0.841245747647695,0.8672128221621632,0.8858698053263578,0.8958814643959987,0.9027954312723176,0.9142008781116412
504,1208.0,0.8120671997119949,0.8431985994897226,0.8690216049178627,0.8875618957129069,0.8975024103461438,0.90435779592549,0.9156639274279136
505,1210.0,0.8141596982030374,0.8451421054013547,0.8708202759626055,0.889243339413418,0.8991124823265402,0.905909224267142,0.9171158837242768
506,1212.0,0.816243741896485,0.8470761967226369,0.8726087712496925,0.8909140740617901,0.9007116183463512,0.9074496574271336,0.9185566959449554
507,1214.0,0.8183192564839169,0.8490008049286474,0.8743870264889834,0.8925740370275723,0.9022997568362564,0.9089790377714848,0.9199863144970176
508,1216.0,0.8203861679240568,0.8509158615564404,0.8761549771364443,0.8942231655708441,0.9038768369099032,0.9104973090468238,0.9214046910980586
509,1218.0,0.822444402407602,0.8528212981467909,0.8779125584213804,0.8958613970327182,0.9054427986029278,0.9120044164543626,0.9228117785572418
510,1220.0,0.8244938863267768,0.854717046207531,0.8796597054122487,0.8974886690451311,0.9069975830731062,0.9135003066483948,0.924207530506797
511,1222.0,0.8265345462485234,0.8566030371982226,0.8813963531187187,0.8991049197419045,0.9085411327529508,0.9149849276628196,0.9255919011040452
512,1224.0,0.8285663088879597,0.8584792025384381,0.8831224366182133,0.9007100879657852,0.9100733914354036,0.9164582287663944,0.9269648447204868
513,1226.0,0.830589101094832,0.8603454736394688,0.8848378912024676,0.902304113448068,0.911594304296652,0.9179201602593148,0.9283263156426258
514,1228.0,0.8326028498453447,0.8622017819593887,0.8865426525345572,0.9038869369560156,0.91310381784757,0.9193706732242668,0.9296762678055044
515,1230.0,0.8346074822430484,0.8640480590740874,0.8882366568024923,0.9054585003927492,0.9146018798201284,0.9208097192508472,0.9310146545747188
516,1232.0,0.8366029255318319,0.8658842367625558,0.8899198408618328,0.9070187468455848,0.9160884389956656,0.9222372501492891,0.9323414285944148
517,1234.0,0.8385891071145787,0.8677102471014101,0.89159214235808,0.9085676205813672,0.9175634449897068,0.923653217675576,0.9336565417121984
518,1236.0,0.8405659545828195,0.8695260225596653,0.8932534998182133,0.9101050669823864,0.9190268480014911,0.9250575732882268,0.9349599449844836
519,1238.0,0.8425333957505511,0.8713314960890408,0.8949038527066548,0.911631032437248,0.9204785985549134,0.9264502679488336,0.9362515887633188
520,1240.0,0.8444913586919744,0.8731266012052876,0.8965431414431971,0.913145464185198,0.9219186472402572,0.9278312519861202,0.9375314228599744
521,1242.0,0.8464397717842258,0.874911272052305,0.8981713073793791,0.914648310129798,0.9233469444793604,0.9292004750295816,0.93879939677237
522,1244.0,0.8483785637440285,0.8766854434466156,0.8997882927364376,0.9161395186343768,0.9247634403301628,0.9305578860181564,0.9400554599621276
523,1246.0,0.8503076636653926,0.8784490508985504,0.9013940405087284,0.9176190383118268,0.9261680843426996,0.9319034332840024,0.9412995621619884
524,1248.0,0.8522270010518461,0.8802020306109511,0.9029884943411624,0.9190868178236016,0.9275608254767744,0.9332370647053716,0.9425316536940808
525,1250.0,0.854136505837075,0.8819443194519131,0.9045715983857684,0.9205428057043616,0.9289416120907982,0.9345587279207838,0.943751685774698
526,1252.0,0.8560361084021059,0.883675854906339,0.9061432971500264,0.921986950221006,0.930310391996099,0.935868370584423,0.9449596107868004
527,1254.0,0.8579257395797497,0.8853965750103414,0.907703535347884,0.9234191992785556,0.9316671125799678,0.9371659406527616,0.9461553825019136
528,1256.0,0.8598053306496592,0.8871064182705521,0.9092522577615664,0.9248395003778715,0.9330117209869948,0.938451386677084,0.94733895623449
529,1258.0,0.8616748133261614,0.8888053235755347,0.9107894091252606,0.926247800630848,0.9343441643425708,0.9397246580844,0.9485102889192348
530,1260.0,0.8635341197351863,0.8904932301069248,0.9123149340399672,0.9276440468287452,0.935664390010718,0.9409857054284324,0.94966933910706
531,1262.0,0.865383182388037,0.8921700772540965,0.9138287769235102,0.9290281855624888,0.9369723458629932,0.9422344805916988,0.9508160668782444
532,1264.0,0.8672219341485101,0.8938358045389906,0.9153308819998978,0.930400163385298,0.9382679805418292,0.9434709369252604,0.9519504336793764
533,1266.0,0.8690503081986305,0.8954903515589671,0.9168211933303432,0.9317599270066468,0.939551243702344,0.9446950293188284,0.95307240209621
534,1268.0,0.8708682380079561,0.8971336579478123,0.9182996548834051,0.9331074235055284,0.9408220862133332,0.9459067141925684,0.954181935577634
535,1270.0,0.8726756573012548,0.898765663362039,0.9197662106386936,0.9344426005479196,0.9420804603051576,0.9471059494162192,0.9552789981290454
536,1272.0,0.874472500035676,0.9003863074897315,0.9212208047176472,0.9357654065934397,0.9433263196547262,0.9482926941546388,0.9563635539966112
537,1274.0,0.8762587003848111,0.9019955300839344,0.9226633815347574,0.9370757910773864,0.9445596194012722,0.9494669086581624,0.9574355673657582
538,1276.0,0.8780341927299701,0.9035932710194275,0.9240938859560772,0.9383737045568188,0.9457803160915425,0.9506285540053862,0.9584950020925008
539,1278.0,0.8797989116617027,0.9051794703660078,0.9255122634559656,0.9396590988084842,0.9469883675598534,0.9517775918198292,0.9595418214875204
540,1280.0,0.8815527919926057,0.906754068475617,0.9269184602607036,0.9409319268748928,0.9481837327494136,0.9529139839801076,0.9605759881673452
541,1282.0,0.8832957687772215,0.9083170060792908,0.9283124234717144,0.9421921430533532,0.9493663714874336,0.9540376923414032,0.9615974639848308
542,1284.0,0.8850277773405518,0.9098682243830128,0.929694101155853,0.9434397028291008,0.950536244232549,0.95514867848927,0.962606210040941
543,1286.0,0.8867487533141196,0.911407665159592,0.9310634423999848,0.9446745627576664,0.951693311806208,0.9562469035433732,0.9636021867794816
544,1288.0,0.8884586326747067,0.9129352708303778,0.932420397326043,0.9458966803053506,0.9528375351329634,0.957332328022078,0.9645853541584684
545,1290.0,0.8901573517847235,0.9144509845295904,0.9337649170640728,0.9471060136570184,0.953968875003554,0.9584049117814496,0.9655556718853606
546,1292.0,0.8918448474332392,0.9159547501473816,0.9350969536855523,0.9483025215055454,0.9550872918775108,0.959464614028814,0.9665130997004812
547,1294.0,0.8935210568721049,0.9174465123514524,0.9364164601039824,0.9494861628384016,0.9561927457415124,0.960511393413597,0.9674575976909656
548,1296.0,0.8951859178469418,0.9189262165814556,0.937723389945754,0.950656896734454,0.9572851960307608,0.9615452081873934,0.9683891266110098
549,1298.0,0.8968393686197416,0.9203938090213272,0.9390176974043484,0.951814682185215,0.9583646016193876,0.962566016422882,0.9693076481895008
550,1300.0,0.8984813479846411,0.92184923654801,0.9402993370848164,0.952959477955973,0.9594309208831292,0.963573776278409,0.9702131254017022
551,1302.0,0.9001117952714308,0.9232924466614756,0.9415682638505364,0.9540912424907476,0.9604841118269752,0.9645684462872228,0.97110552268727
552,1304.0,0.9017306503399856,0.9247233874035082,0.9428244326849652,0.9552099338745156,0.961524132271128,0.9655499856539708,0.9719848061011862
553,1306.0,0.9033378535664356,0.9261420072646018,0.9440677985726292,0.9563155098497652,0.962550940082084,0.9665183545381544,0.972850943383426
554,1308.0,0.9049333458201084,0.9275482550938522,0.9452983164148766,0.9574079278905914,0.9635644934343348,0.9674735143040528,0.9737039039476608
555,1310.0,0.9065170684335522,0.9289420800110444,0.9465159409801568,0.958487145326763,0.9645647510827052,0.9684154277203132,0.9745436587855472
556,1312.0,0.9080889631705206,0.930323431330566,0.9477206268955024,0.9595531195103166,0.9655516726283644,0.9693440590970724,0.9753701802952488
557,1314.0,0.9096489721896378,0.9316922585033968,0.9489123286801936,0.9606058080153218,0.966525218761495,0.9702593743493536,0.9761834420461316
558,1316.0,0.9111970380113814,0.9330485110785672,0.950091000818444,0.9616451688527404,0.967485351459626,0.9711613409827436,0.976983418495212
559,1318.0,0.912733103486747,0.9343921386881132,0.951256597866056,0.962671160690913,0.968432034135044,0.972049928004302,0.977770084674653
560,1320.0,0.914257111772748,0.9357230910587522,0.9524090745848656,0.9636837430644464,0.969365231713486,0.9729251057622108,0.9785434158724288
561,1322.0,0.9157690063150142,0.9370413180456134,0.9535483860963084,0.9646828765548296,0.9702849106457272,0.9737868457267858,0.9793033873285276
562,1324.0,0.9172687308392669,0.938346769691256,0.954674488042449,0.965668522936093,0.971191038846092,0.9746351202274224,0.9800499739666606
563,1326.0,0.918756229354061,0.9396393962992444,0.9557873367434808,0.966640645270602,0.97208358556593,0.9754699021645084,0.9807831501801484
564,1328.0,0.9202314461617004,0.940919148524714,0.9568868893436716,0.9675992079502782,0.9729625212077996,0.9762911647144484,0.9815028896883404
565,1330.0,0.921694325879189,0.9421859774719572,0.9579731039325032,0.9685441766819092,0.9738278170955484,0.9770988810494524,0.982209165471443
566,1332.0,0.9231448134674956,0.9434398347907524,0.9590459396346748,0.9694755184147276,0.9746794452144542,0.9778930240916092,0.9829019497897264
567,1334.0,0.9245828542680592,0.944680672769978,0.9601053566624116,0.9703932012182344,0.9755173779405096,0.9786735663171332,0.9835812142853864
568,1336.0,0.9260083940406932,0.9459084444195536,0.9611513163277104,0.9712971941163356,0.9763415877764444,0.9794404796249664,0.9842469301610862
569,1338.0,0.927421379005849,0.9471231035327284,0.9621837810114378,0.972187466890934,0.9771520471141608,0.9801937352795768,0.984899068421611
570,1340.0,0.9288217558848888,0.948324604730574,0.9632027140934268,0.9730639898673894,0.9779487280378696,0.9809333039307802,0.9855376001632032
571,1342.0,0.9302094719366604,0.9495129034797564,0.964208079848441,0.9739267336971426,0.9787316021845828,0.9816591557101512,0.9861624968910878
572,1344.0,0.9315844749874732,0.950687956086967,0.9651998433138974,0.9747756691532604,0.9795006406676084,0.9823712603972528,0.9867737308424231
573,1346.0,0.9329467134549694,0.9518497196675988,0.9661779701393276,0.9756107669512072,0.9802558140731557,0.9830695876452648,0.987371275293241
574,1348.0,0.9342961363613834,0.9529981520920436,0.9671424264288664,0.9764319976087836,0.9809970925263928,0.983754107249094,0.9879551048288688
575,1350.0,0.9356326933370216,0.9541332119143082,0.968093178585414,0.97723933135499,0.9817244458247674,0.9844247894389168,0.9885251955579116
576,1352.0,0.9369563346141708,0.9552548582863558,0.9690301931702362,0.978032738093119,0.9824378436294628,0.9850816051792076,0.9890815252569356
577,1354.0,0.9382670110106588,0.9563630508644064,0.9699534367848164,0.9788121874214484,0.9831372557010228,0.9857245264518706,0.9896240734343212
578,1356.0,0.9395646739066068,0.9574577497156448,0.9708628759851272,0.9795776487107812,0.9838226521640516,0.9863535265046904,0.9901528213098196
579,1358.0,0.940849275212858,0.9585389152292868,0.9717584772343292,0.9803290912327264,0.9844940037822388,0.9869685800486092,0.9906677517115156
580,1360.0,0.9421207673373776,0.9596065080394988,0.9726402068956372,0.9810664843297608,0.9851512822260724,0.987569663389433,0.9911688488960978
581,1362.0,0.9433791031482744,0.9606604889663388,0.9735080312682663,0.9817897976182156,0.9857944603132452,0.9881567544851372,0.991656098306302
582,1364.0,0.9446242359384504,0.961700818977396,0.9743619166623873,0.982499001205788,0.9864235122071072,0.9887298329258738,0.9921294862810048
583,1366.0,0.9458561193943869,0.9627274591737351,0.9752018295087598,0.9831940659137166,0.9870384135581992,0.9892888798366392,0.9925889997385392
584,1368.0,0.94707470757061,0.9637403708010972,0.9760277364956256,0.9838749634845706,0.9876391415801496,0.9898338777103772,0.99303462585472
585,1370.0,0.9482799548711148,0.9647395152866196,0.976839604724268,0.984541666764211,0.9882256750546956,0.99036481018235,0.9934663517583414
586,1372.0,0.949471816041508,0.9657248542965148,0.9776374018709338,0.9851941498440244,0.9887979942644248,0.9908816617617532,0.9938841642639326
587,1374.0,0.950650246170938,0.966696349814127,0.9784210963466892,0.9858323881528068,0.9893560808599396,0.9913844175391358,0.9942880496618614
588,1376.0,0.9518152007020052,0.9676539642297896,0.9791906574417648,0.9864563584966102,0.9898999176676684,0.99187306288898,0.9946779935783592
589,1378.0,0.9529666354545396,0.9685976604381416,0.9799460554456484,0.9870660390367384,0.9904294884556458,0.9923475831884112,0.995053980916676
590,1380.0,0.9541045066524024,0.9695274019388462,0.9806872617372088,0.9876614092145878,0.990944777668358,0.9928079635718128,0.9954159958833848
591,1382.0,0.9552287709602524,0.9704431529266828,0.9814142488324116,0.988242449622608,0.9914457701532926,0.9932541887378196,0.9957640220964
592,1384.0,0.95633938552434,0.9713448783754624,0.9821269903953316,0.9888091418354756,0.991932450896151,0.99368624282192,0.9960980427703764
593,1386.0,0.957436308011553,0.9722325440978362,0.9828254612015098,0.9893614682089809,0.9924048047813852,0.99410410934273,0.996418040963142
594,1388.0,0.9585194966513944,0.9731061167906404,0.9835096370674496,0.9898994116616624,0.9928628163988404,0.9945077712290178,0.9967239998705424
595,1390.0,0.9595889102713812,0.9739655640490812,0.98417949474004,0.9904229554563752,0.9933064699043388,0.9948972109203352,0.9970159031451776
596,1392.0,0.9606445083287304,0.9748108543602272,0.9848350117625906,0.990932082993496,0.9937357489492584,0.9952724105400956,0.9972937352208832
597,1394.0,0.9616862509301464,0.9756419570684364,0.985476166320612,0.9914267776329536,0.9941506366793904,0.9956333521243428,0.9975574816180232
598,1396.0,0.9627140988476156,0.9764588423209122,0.9861029370822364,0.9919070225539622,0.9945511158073002,0.9959800178950594,0.9978071292108232
599,1398.0,0.9637280135186376,0.9772614809915978,0.9867153030402064,0.9923728006671648,0.9949371687493204,0.9963123905549292,0.9980426664362144
600,1400.0,0.9647279570399492,0.9780498445951564,0.9873132433710424,0.992824094579105,0.9953087778215932,0.9966304535877436,0.9982640834324336
601,1402.0,0.965713892149916,0.978823905191344,0.9878967373171316,0.9932608866177358,0.9956659254794434,0.99693419154039,0.9984713720954802
602,1404.0,0.966685782203846,0.9795836352881692,0.9884657641004106,0.9936831589118448,0.9960085945834748,0.997223590268606,0.9986645260506934
603,1406.0,0.9676435911408996,0.9803290077534348,0.9890203028774462,0.9940908935239332,0.9963367686774502,0.9974986371302546,0.9988435405419808
604,1408.0,0.9685872834494804,0.9810599957363306,0.9895603327340302,0.9944840726227754,0.9966504322538048,0.997759321111523,0.9990084122450978
605,1410.0,0.9695168241290028,0.9817765726085448,0.9900858327231165,0.9948626786881724,0.9969495709940074,0.9980056328786292,0.9991591390184628
606,1412.0,0.970432178653328,0.982478711924316,0.9905967819410236,0.9952266947310702,0.9972341719625346,0.9982375647501356,0.999295719608496
607,1414.0,0.9713333129387598,0.9831663874092046,0.9910931596410626,0.9955761045147254,0.9975042237455176,0.9984551105937224,0.9994181533300552
608,1416.0,0.972220193318,0.9838395729703804,0.9915749453705748,0.9959108927634877,0.9977597165204616,0.9986582656522952,0.9995264397430222
609,1418.0,0.9730927865211698,0.9844982427345864,0.9920421191288068,0.9962310453412482,0.9980006420560268,0.9988470263132356,0.9996205783486378
610,1420.0,0.9739510596661906,0.985142371107333,0.9924946615292384,0.9965365493921788,0.998226993639204,0.9990213898354956,0.9997005683248572
611,1422.0,0.9747949802620168,0.9857719328513296,0.9929325539593208,0.9968273934288462,0.9984387659356614,0.999181354053902,0.999766408320325
612,1424.0,0.9756245162182574,0.9863869031771112,0.9933557787240282,0.9971035673672868,0.9986359547942132,0.9993269170803404,0.9998180963200892
613,1426.0,0.9764396358676276,0.986987257841853,0.9937643191652972,0.9973650625009732,0.998818557006004,0.9994580770232024,0.9998556295929724
614,1428.0,0.9772403079942108,0.9875729732479994,0.9941581597480788,0.9976118714207424,0.9989865700383532,0.9995748317434722,0.9998790047238408
615,1430.0,0.9780265018697022,0.9881440265362466,0.9945372861078732,0.9978439878819488,0.9991399917583396,0.999677178664773,0.9998882177287745
616,1432.0,0.97879818729273,0.9887003956649276,0.9949016850555282,0.9980614066305912,0.9992788201671972,0.999765114650435,0.9998832642450416
617,1434.0,0.97955533463075,0.9892420594732818,0.995251344540832,0.9982641231996776,0.9994030531632302,0.999838635955488,0.9998641397830472
618,1436.0,0.9802979148590434,0.9897689977204278,0.995586253574762,0.9984521336887252,0.9995126883486272,0.9998977382576842,0.9998308400229386
619,1438.0,0.9810258995967768,0.9902811911013086,0.995906402118524,0.9986254345438688,0.9996077228952722,0.9999424167646704,0.9997833611353504
620,1440.0,0.9817392611369856,0.9907786212363556,0.9962117809452676,0.9987840223505422,0.9996881534765278,0.9999726663906924,0.9997217001044556
621,1442.0,0.982437972467781,0.9912612706354836,0.996502381484192,0.9989278936564572,0.9997539762719252,0.9999884819900506,0.9996458550310928
622,1444.0,0.9831220072847652,0.9917291226407716,0.9967781956586268,0.9990570448334728,0.999805187042418,0.9999898586318507,0.9995558253950808
623,1446.0,0.9837913399918896,0.992182161349111,0.9970392157278636,0.9991714719913524,0.9998417812728756,0.999976791896843,0.9994516122589456
624,1448.0,0.98444594569325,0.9926203715234684,0.9972854341452116,0.9992711709461792,0.9998637543705392,0.9999492781762236,0.9993332183986968
625,1450.0,0.985085800174492,0.9930437384952836,0.9975168434403344,0.9993561372479132,0.999871101906921,0.9999073149517832,0.9992006483531788
626,1452.0,0.9857108798765764,0.9934522480683768,0.9977334361357896,0.999426366264056,0.9998638198859416,0.999850901038197,0.9990539083878868
627,1454.0,0.986321161861986,0.9938458864270402,0.9979352047011356,0.999481853314072,0.999841905020312,0.9997800367708684,0.9988930063769588
628,1456.0,0.9869166237784452,0.9942246400590096,0.9981221415509752,0.9995225938452588,0.9998053549968524,0.9996947241265604,0.9987179516096
629,1458.0,0.9874972438195796,0.9945884956948527,0.99829423908383,0.999548583638136,0.9997541687129364,0.9995949667680936,0.9985287545362176
630,1460.0,0.9880630006883152,0.9949374402706676,0.9984514897617912,0.999559819027307,0.999688346467609,0.999480770010846,0.9983254264699674
631,1462.0,0.9886138735632554,0.9952714609145354,0.998593886223584,0.9995562971221472,0.99960789009418,0.999352140712271,0.9981079792655468
632,1464.0,0.9891498420713316,0.9955905449595572,0.9987214214248346,0.9995380160134576,0.9995128030255968,0.999209087093172,0.99787642499641
633,1466.0,0.9896708862695432,0.9958946799816948,0.998834088795094,0.999504974950048,0.9994030902876148,0.9990516185018992,0.9976307756524196
634,1468.0,0.9901769866350384,0.9961838538599044,0.9989318824010788,0.9994571744752044,0.9992787584207216,0.998879745138562,0.9973710428796556
635,1470.0,0.9906681240664664,0.9964580548548334,0.9990147971050196,0.9993946165118246,0.9991398153356776,0.9986934777574874,0.9970972377788722
636,1472.0,0.9911442798950796,0.9967172717002089,0.9990828287072678,0.9993173043918936,0.9989862701129544,0.9984928273684052,0.9968093707776552
637,1474.0,0.9916054359058972,0.9969614937014636,0.99913597406336,0.999225242827164,0.9988181327594275,0.9982778049575388,0.9965074515839188
638,1476.0,0.9920515743662476,0.9971907108339668,0.9991742311675318,0.999118437823695,0.9986354139396432,0.9980484212465672,0.9961914892247072
639,1478.0,0.9924826780622032,0.9974049138353658,0.9991975991972006,0.99899689654584,0.9984381246990314,0.9978046865065808,0.9958614921666306
640,1480.0,0.9928987303363128,0.9976040942837748,0.9992060785145308,0.998860627138978,0.9982262761991894,0.9975466104402276,0.9955174685114678
641,1482.0,0.9932997151302552,0.9977882446595532,0.9991996706266036,0.9987096385233308,0.9979998794824196,0.9972742021389897,0.9951594262503398
642,1484.0,0.9936856170227856,0.9979573583828404,0.9991783781049128,0.9985439401727244,0.9977589452818753,0.9969874701190607,0.994787373562655
643,1486.0,0.994056421265378,0.9981114298273374,0.9991422044713828,0.9983635418935706,0.997503483890974,0.9966864224338412,0.9944013191361056
644,1488.0,0.9944121138113496,0.9982504543073708,0.999091154057524,0.9981684536191198,0.997233505099553,0.9963710668538076,0.9940012724878772
645,1490.0,0.994752681335912,0.9983744280410304,0.9990252318475158,0.9979586852330914,0.9969490182028126,0.9960414111035228,0.993587244262976
646,1492.0,0.995078111247628,0.9984833480894424,0.9989444433144754,0.9977342464348856,0.996650032080861,0.995697463136653,0.9931592464916836
647,1494.0,0.995388391688318,0.9985772122787826,0.9988487942627254,0.997495146655324,0.9963365553443772,0.9953392314333038,0.9927172927863158
648,1496.0,0.995683511523917,0.9986560191092012,0.9987382906857654,0.9972413950286828,0.9960085965356156,0.9949667252961786,0.9922613984641302
649,1498.0,0.9959634603238028,0.9987197676563504,0.9986129386496536,0.9969730004231512,0.9956661643716516,0.9945799551275054,0.9917915805895012
650,1500.0,0.9962282283343016,0.9987684574739352,0.9984727442105652,0.996689971526988,0.9953092680127428,0.994178932666992,0.991307857929462
